﻿<?xml version="1.0" encoding="UTF-8" standalone="yes"?>
<Dialogue_1 xmlns:xsi="http://www.w3.org/2001/XMLSchema-instance">
  <u_story_1>
    <story>
      <Text>잠에서 깨어나 눈을 떴지만, 아무것도 보이지 않았다. </Text>
      <Setting Type="0" Speaker="-1" Background="0" BGM="-1" SFX="-1" />
      <Location Left="-1" Middle="-1" Right="-1" />
      <Effect Fade="-1" Camera="-1" UI="-1" />
      <CharacterEffect LeftEvent="-1" MiddleEvent="-1" RightEvent="-1" />
      <PieceImage PutPicture="-1" />
    </story>
    <story>
      <Text>한없이 펼쳐진 새까만 어둠. </Text>
      <Setting Type="0" Speaker="-1" Background="0" BGM="-1" SFX="-1" />
      <Location Left="-1" Middle="-1" Right="-1" />
      <Effect Fade="-1" Camera="-1" UI="-1" />
      <CharacterEffect LeftEvent="-1" MiddleEvent="-1" RightEvent="-1" />
      <PieceImage PutPicture="-1" />
    </story>
    <story>
      <Text>오직 그것만이 내 눈앞에 가득했다. </Text>
      <Setting Type="0" Speaker="-1" Background="0" BGM="-1" SFX="-1" />
      <Location Left="-1" Middle="-1" Right="-1" />
      <Effect Fade="-1" Camera="-1" UI="-1" />
      <CharacterEffect LeftEvent="-1" MiddleEvent="-1" RightEvent="-1" />
      <PieceImage PutPicture="-1" />
    </story>
    <story>
      <Text>눈을 뜨고 있는데도 감은 것과 무엇 하나 다르지 않은 세상. </Text>
      <Setting Type="0" Speaker="-1" Background="0" BGM="-1" SFX="-1" />
      <Location Left="-1" Middle="-1" Right="-1" />
      <Effect Fade="-1" Camera="-1" UI="-1" />
      <CharacterEffect LeftEvent="-1" MiddleEvent="-1" RightEvent="-1" />
      <PieceImage PutPicture="-1" />
    </story>
    <story>
      <Text>어렸을 때라면 겁에 질렸을 그 광경이, 지금은 고맙기만 했다. </Text>
      <Setting Type="0" Speaker="-1" Background="0" BGM="-1" SFX="-1" />
      <Location Left="-1" Middle="-1" Right="-1" />
      <Effect Fade="-1" Camera="-1" UI="-1" />
      <CharacterEffect LeftEvent="-1" MiddleEvent="-1" RightEvent="-1" />
      <PieceImage PutPicture="-1" />
    </story>
    <story>
      <Text>내 앞에 있을 현실을 가려주고 있었으니까.</Text>
      <Setting Type="0" Speaker="-1" Background="0" BGM="-1" SFX="-1" />
      <Location Left="-1" Middle="-1" Right="-1" />
      <Effect Fade="-1" Camera="-1" UI="-1" />
      <CharacterEffect LeftEvent="-1" MiddleEvent="-1" RightEvent="-1" />
      <PieceImage PutPicture="-1" />
    </story>
    <story>
      <Text>하지만 눈은 천천히 어둠에 적응했고, </Text>
      <Setting Type="0" Speaker="-1" Background="0" BGM="-1" SFX="-1" />
      <Location Left="-1" Middle="-1" Right="-1" />
      <Effect Fade="-1" Camera="-1" UI="-1" />
      <CharacterEffect LeftEvent="-1" MiddleEvent="-1" RightEvent="-1" />
      <PieceImage PutPicture="-1" />
    </story>
    <story>
      <Text>…내가 보고 싶지 않은 것들을 내게 보여주기 시작했다. </Text>
      <Setting Type="0" Speaker="-1" Background="0" BGM="-1" SFX="-1" />
      <Location Left="-1" Middle="-1" Right="-1" />
      <Effect Fade="-1" Camera="-1" UI="-1" />
      <CharacterEffect LeftEvent="-1" MiddleEvent="-1" RightEvent="-1" />
      <PieceImage PutPicture="-1" />
    </story>
    <story>
      <Text>아무도 없는 우리 반 교실. </Text>
      <Setting Type="0" Speaker="-1" Background="1" BGM="-1" SFX="-1" />
      <Location Left="-1" Middle="-1" Right="-1" />
      <Effect Fade="-1" Camera="-1" UI="-1" />
      <CharacterEffect LeftEvent="-1" MiddleEvent="-1" RightEvent="-1" />
      <PieceImage PutPicture="-1" />
    </story>
    <story>
      <Text>교실 불은 꺼져있고, 다른 애들의 가방은 하나도 보이지 않는다. </Text>
      <Setting Type="0" Speaker="-1" Background="1" BGM="-1" SFX="-1" />
      <Location Left="-1" Middle="-1" Right="-1" />
      <Effect Fade="-1" Camera="-1" UI="-1" />
      <CharacterEffect LeftEvent="-1" MiddleEvent="-1" RightEvent="-1" />
      <PieceImage PutPicture="-1" />
    </story>
    <story>
      <Text>그리고 창문 사이로 힐끗 인사하는 흐릿한 달.</Text>
      <Setting Type="0" Speaker="-1" Background="1" BGM="-1" SFX="-1" />
      <Location Left="-1" Middle="-1" Right="-1" />
      <Effect Fade="-1" Camera="-1" UI="-1" />
      <CharacterEffect LeftEvent="-1" MiddleEvent="-1" RightEvent="-1" />
      <PieceImage PutPicture="-1" />
    </story>
    <story>
      <Text>“…얼마나 잔 거야.”</Text>
      <Setting Type="0" Speaker="500" Background="1" BGM="-1" SFX="-1" />
      <Location Left="-1" Middle="-1" Right="-1" />
      <Effect Fade="-1" Camera="-1" UI="-1" />
      <CharacterEffect LeftEvent="-1" MiddleEvent="-1" RightEvent="-1" />
      <PieceImage PutPicture="-1" />
    </story>
    <story>
      <Text>시계를 안 봐도 지금이 한밤중인 건 알 수 있었다. </Text>
      <Setting Type="0" Speaker="-1" Background="1" BGM="-1" SFX="-1" />
      <Location Left="-1" Middle="-1" Right="-1" />
      <Effect Fade="-1" Camera="-1" UI="-1" />
      <CharacterEffect LeftEvent="-1" MiddleEvent="-1" RightEvent="-1" />
      <PieceImage PutPicture="-1" />
    </story>
    <story>
      <Text>종례 시간에 깜빡 잠든 것 같은데. 그대로 한참을 자버린 것 같다. </Text>
      <Setting Type="0" Speaker="-1" Background="1" BGM="-1" SFX="-1" />
      <Location Left="-1" Middle="-1" Right="-1" />
      <Effect Fade="-1" Camera="-1" UI="-1" />
      <CharacterEffect LeftEvent="-1" MiddleEvent="-1" RightEvent="-1" />
      <PieceImage PutPicture="-1" />
    </story>
    <story>
      <Text>“아무나 좀 깨워주지….”</Text>
      <Setting Type="0" Speaker="500" Background="1" BGM="-1" SFX="-1" />
      <Location Left="-1" Middle="-1" Right="-1" />
      <Effect Fade="-1" Camera="-1" UI="-1" />
      <CharacterEffect LeftEvent="-1" MiddleEvent="-1" RightEvent="-1" />
      <PieceImage PutPicture="-1" />
    </story>
    <story>
      <Text>한 명만 깨워줘도 밤늦게까지 자진 않았을 텐데. </Text>
      <Setting Type="0" Speaker="-1" Background="1" BGM="-1" SFX="-1" />
      <Location Left="-1" Middle="-1" Right="-1" />
      <Effect Fade="-1" Camera="-1" UI="-1" />
      <CharacterEffect LeftEvent="-1" MiddleEvent="-1" RightEvent="-1" />
      <PieceImage PutPicture="-1" />
    </story>
    <story>
      <Text>하지만 별로 친한 애도 아니라 그런지, 다들 무시하고 그냥 간 모양이다. </Text>
      <Setting Type="0" Speaker="-1" Background="1" BGM="-1" SFX="-1" />
      <Location Left="-1" Middle="-1" Right="-1" />
      <Effect Fade="-1" Camera="-1" UI="-1" />
      <CharacterEffect LeftEvent="-1" MiddleEvent="-1" RightEvent="-1" />
      <PieceImage PutPicture="-1" />
    </story>
    <story>
      <Text>고등학교 2학년 애매한 시기에 전학을 와서 반 애들과 조금도 친해지지 못한 전학생. </Text>
      <Setting Type="0" Speaker="-1" Background="1" BGM="-1" SFX="-1" />
      <Location Left="-1" Middle="-1" Right="-1" />
      <Effect Fade="-1" Camera="-1" UI="-1" />
      <CharacterEffect LeftEvent="-1" MiddleEvent="-1" RightEvent="-1" />
      <PieceImage PutPicture="-1" />
    </story>
    <story>
      <Text>그게 반에서의 내 위치니까. </Text>
      <Setting Type="0" Speaker="-1" Background="1" BGM="-1" SFX="-1" />
      <Location Left="-1" Middle="-1" Right="-1" />
      <Effect Fade="-1" Camera="-1" UI="-1" />
      <CharacterEffect LeftEvent="-1" MiddleEvent="-1" RightEvent="-1" />
      <PieceImage PutPicture="-1" />
    </story>
    <story>
      <Text>아직 내 이름도 모르는 애들이 반에 태반이다. 어쩌다 불릴 때면 ‘저기’ 아니면 ‘야’.</Text>
      <Setting Type="0" Speaker="-1" Background="1" BGM="-1" SFX="-1" />
      <Location Left="-1" Middle="-1" Right="-1" />
      <Effect Fade="-1" Camera="-1" UI="-1" />
      <CharacterEffect LeftEvent="-1" MiddleEvent="-1" RightEvent="-1" />
      <PieceImage PutPicture="-1" />
    </story>
    <story>
      <Text>가끔은 우리 반에 저런 애가 있었냐는 얘기를 들을 정도니까….</Text>
      <Setting Type="0" Speaker="-1" Background="1" BGM="-1" SFX="-1" />
      <Location Left="-1" Middle="-1" Right="-1" />
      <Effect Fade="-1" Camera="-1" UI="-1" />
      <CharacterEffect LeftEvent="-1" MiddleEvent="-1" RightEvent="-1" />
      <PieceImage PutPicture="-1" />
    </story>
    <story>
      <Text>그래도 그 덕에 나름 편한 점도 있다. </Text>
      <Setting Type="0" Speaker="-1" Background="1" BGM="-1" SFX="-1" />
      <Location Left="-1" Middle="-1" Right="-1" />
      <Effect Fade="-1" Camera="-1" UI="-1" />
      <CharacterEffect LeftEvent="-1" MiddleEvent="-1" RightEvent="-1" />
      <PieceImage PutPicture="-1" />
    </story>
    <story>
      <Text>반에서 누구와 같이 웃고 떠들 일은 없지만, 반대로 누구와 울고 싸울 일도 없다. </Text>
      <Setting Type="0" Speaker="-1" Background="1" BGM="-1" SFX="-1" />
      <Location Left="-1" Middle="-1" Right="-1" />
      <Effect Fade="-1" Camera="-1" UI="-1" />
      <CharacterEffect LeftEvent="-1" MiddleEvent="-1" RightEvent="-1" />
      <PieceImage PutPicture="-1" />
    </story>
    <story>
      <Text>나도 괜히 누구와 친해지려고 애쓸 필요도 없고, 내 일만 신경 쓰면 된다. </Text>
      <Setting Type="0" Speaker="-1" Background="1" BGM="-1" SFX="-1" />
      <Location Left="-1" Middle="-1" Right="-1" />
      <Effect Fade="-1" Camera="-1" UI="-1" />
      <CharacterEffect LeftEvent="-1" MiddleEvent="-1" RightEvent="-1" />
      <PieceImage PutPicture="-1" />
    </story>
    <story>
      <Text>다른 사람에게 마음 안 써도 되는 편안한 나 혼자만의 학교생활. </Text>
      <Setting Type="0" Speaker="-1" Background="1" BGM="-1" SFX="-1" />
      <Location Left="-1" Middle="-1" Right="-1" />
      <Effect Fade="-1" Camera="-1" UI="-1" />
      <CharacterEffect LeftEvent="-1" MiddleEvent="-1" RightEvent="-1" />
      <PieceImage PutPicture="-1" />
    </story>
    <story>
      <Text>그래서인지 </Text>
      <Setting Type="0" Speaker="-1" Background="1" BGM="-1" SFX="-1" />
      <Location Left="-1" Middle="-1" Right="-1" />
      <Effect Fade="-1" Camera="-1" UI="-1" />
      <CharacterEffect LeftEvent="-1" MiddleEvent="-1" RightEvent="-1" />
      <PieceImage PutPicture="-1" />
    </story>
    <story>
      <Text>“…….”</Text>
      <Setting Type="0" Speaker="500" Background="1" BGM="-1" SFX="-1" />
      <Location Left="-1" Middle="-1" Right="-1" />
      <Effect Fade="-1" Camera="-1" UI="-1" />
      <CharacterEffect LeftEvent="-1" MiddleEvent="-1" RightEvent="-1" />
      <PieceImage PutPicture="-1" />
    </story>
    <story>
      <Text>아무도 없는 이 교실의 모습이 내게는 익숙하게 느껴졌다. </Text>
      <Setting Type="0" Speaker="-1" Background="1" BGM="-1" SFX="-1" />
      <Location Left="-1" Middle="-1" Right="-1" />
      <Effect Fade="-1" Camera="-1" UI="-1" />
      <CharacterEffect LeftEvent="-1" MiddleEvent="-1" RightEvent="-1" />
      <PieceImage PutPicture="-1" />
    </story>
    <story>
      <Text>겨울 냉기에 차가워진 가방을 들고, 나는 텅 빈 교실에서 나왔다. </Text>
      <Setting Type="0" Speaker="-1" Background="1" BGM="-1" SFX="-1" />
      <Location Left="-1" Middle="-1" Right="-1" />
      <Effect Fade="-1" Camera="-1" UI="-1" />
      <CharacterEffect LeftEvent="-1" MiddleEvent="-1" RightEvent="-1" />
      <PieceImage PutPicture="-1" />
    </story>
    <story>
      <Text>낮에 떠드는 소리로 시끄러웠던 복도는 죽은 듯이 조용했다. </Text>
      <Setting Type="0" Speaker="-1" Background="1" BGM="-1" SFX="SFX_Door" />
      <Location Left="-1" Middle="-1" Right="-1" />
      <Effect Fade="-1" Camera="-1" UI="-1" />
      <CharacterEffect LeftEvent="-1" MiddleEvent="-1" RightEvent="-1" />
      <PieceImage PutPicture="-1" />
    </story>
    <story>
      <Text>하긴 다 집에 갔을 시간인데. 떠들 사람이 있을 리가 없지. </Text>
      <Setting Type="0" Speaker="-1" Background="1" BGM="-1" SFX="-1" />
      <Location Left="-1" Middle="-1" Right="-1" />
      <Effect Fade="-1" Camera="-1" UI="-1" />
      <CharacterEffect LeftEvent="-1" MiddleEvent="-1" RightEvent="-1" />
      <PieceImage PutPicture="-1" />
    </story>
    <story>
      <Text>지금까지 학교에 남아있는 사람은 책상에서 밤늦게까지 잠든 바보밖에 없지 않을까. </Text>
      <Setting Type="0" Speaker="-1" Background="1" BGM="-1" SFX="-1" />
      <Location Left="-1" Middle="-1" Right="-1" />
      <Effect Fade="-1" Camera="-1" UI="-1" />
      <CharacterEffect LeftEvent="-1" MiddleEvent="-1" RightEvent="-1" />
      <PieceImage PutPicture="-1" />
    </story>
    <story>
      <Text>에휴. 집에나 가야지.</Text>
      <Setting Type="0" Speaker="-1" Background="1" BGM="-1" SFX="-1" />
      <Location Left="-1" Middle="-1" Right="-1" />
      <Effect Fade="-1" Camera="-1" UI="-1" />
      <CharacterEffect LeftEvent="-1" MiddleEvent="-1" RightEvent="-1" />
      <PieceImage PutPicture="-1" />
    </story>
    <story>
      <Text>그렇게 머릿속으로 자조하며 학교 계단을 내려가다가-</Text>
      <Setting Type="0" Speaker="-1" Background="1" BGM="-1" SFX="-1" />
      <Location Left="-1" Middle="-1" Right="-1" />
      <Effect Fade="-1" Camera="-1" UI="-1" />
      <CharacterEffect LeftEvent="-1" MiddleEvent="-1" RightEvent="-1" />
      <PieceImage PutPicture="-1" />
    </story>
    <story>
      <Text>“…어?”</Text>
      <Setting Type="0" Speaker="500" Background="1" BGM="BGM_Meet_Aram" SFX="-1" />
      <Location Left="-1" Middle="100_1_105" Right="-1" />
      <Effect Fade="-1" Camera="-1" UI="-1" />
      <CharacterEffect LeftEvent="-1" MiddleEvent="-1" RightEvent="-1" />
      <PieceImage PutPicture="-1" />
    </story>
    <story>
      <Text>처음 보는 여자애와 마주쳤다.</Text>
      <Setting Type="0" Speaker="-1" Background="1" BGM="BGM_Meet_Aram" SFX="-1" />
      <Location Left="-1" Middle="100_1_105" Right="-1" />
      <Effect Fade="-1" Camera="-1" UI="-1" />
      <CharacterEffect LeftEvent="-1" MiddleEvent="-1" RightEvent="-1" />
      <PieceImage PutPicture="-1" />
    </story>
    <story>
      <Text>계단을 올라가던 흰색 롱패딩을 두른 긴 머리의 여자애. </Text>
      <Setting Type="0" Speaker="-1" Background="1" BGM="BGM_Meet_Aram" SFX="-1" />
      <Location Left="-1" Middle="100_1_105" Right="-1" />
      <Effect Fade="-1" Camera="-1" UI="-1" />
      <CharacterEffect LeftEvent="-1" MiddleEvent="-1" RightEvent="-1" />
      <PieceImage PutPicture="-1" />
    </story>
    <story>
      <Text>그 애의 시선이 계단을 내려가던 나의 시선과 만났다. </Text>
      <Setting Type="0" Speaker="-1" Background="1" BGM="BGM_Meet_Aram" SFX="-1" />
      <Location Left="-1" Middle="100_1_105" Right="-1" />
      <Effect Fade="-1" Camera="-1" UI="-1" />
      <CharacterEffect LeftEvent="-1" MiddleEvent="-1" RightEvent="-1" />
      <PieceImage PutPicture="-1" />
    </story>
    <story>
      <Text>마치 외나무다리에서 만난 것처럼, 둘 다 걸음을 멈추고 서로를 바라봤다.</Text>
      <Setting Type="0" Speaker="-1" Background="1" BGM="BGM_Meet_Aram" SFX="-1" />
      <Location Left="-1" Middle="100_1_105" Right="-1" />
      <Effect Fade="-1" Camera="-1" UI="-1" />
      <CharacterEffect LeftEvent="-1" MiddleEvent="-1" RightEvent="-1" />
      <PieceImage PutPicture="-1" />
    </story>
    <story>
      <Text>여자애도 나도. 서로 눈동자로 묻고 있다. </Text>
      <Setting Type="0" Speaker="-1" Background="1" BGM="BGM_Meet_Aram" SFX="-1" />
      <Location Left="-1" Middle="100_1_103" Right="-1" />
      <Effect Fade="-1" Camera="-1" UI="-1" />
      <CharacterEffect LeftEvent="-1" MiddleEvent="-1" RightEvent="-1" />
      <PieceImage PutPicture="-1" />
    </story>
    <story>
      <Text>‘얘는 뭔데 이 시간에 학교에 있지?’</Text>
      <Setting Type="0" Speaker="-1" Background="1" BGM="BGM_Meet_Aram" SFX="-1" />
      <Location Left="-1" Middle="100_1_103" Right="-1" />
      <Effect Fade="-1" Camera="-1" UI="-1" />
      <CharacterEffect LeftEvent="-1" MiddleEvent="-1" RightEvent="-1" />
      <PieceImage PutPicture="-1" />
    </story>
    <story>
      <Text>쟤도 나처럼 책상에서 깜빡 잠든 건가? </Text>
      <Setting Type="0" Speaker="-1" Background="1" BGM="BGM_Meet_Aram" SFX="-1" />
      <Location Left="-1" Middle="100_1_103" Right="-1" />
      <Effect Fade="-1" Camera="-1" UI="-1" />
      <CharacterEffect LeftEvent="-1" MiddleEvent="-1" RightEvent="-1" />
      <PieceImage PutPicture="-1" />
    </story>
    <story>
      <Text>설마 진짜 그런 건가 싶어 여자애를 바라보자 </Text>
      <Setting Type="0" Speaker="-1" Background="1" BGM="BGM_Meet_Aram" SFX="-1" />
      <Location Left="-1" Middle="100_1_103" Right="-1" />
      <Effect Fade="-1" Camera="-1" UI="-1" />
      <CharacterEffect LeftEvent="-1" MiddleEvent="-1" RightEvent="-1" />
      <PieceImage PutPicture="-1" />
    </story>
    <story>
      <Text>“아~ 알겠다!”</Text>
      <Setting Type="0" Speaker="100" Background="1" BGM="BGM_Meet_Aram" SFX="-1" />
      <Location Left="-1" Middle="100_1_106" Right="-1" />
      <Effect Fade="-1" Camera="-1" UI="-1" />
      <CharacterEffect LeftEvent="-1" MiddleEvent="-1" RightEvent="-1" />
      <PieceImage PutPicture="-1" />
    </story>
    <story>
      <Text>여자애는 알았다는 듯이 상쾌하게 웃었다. </Text>
      <Setting Type="0" Speaker="-1" Background="1" BGM="BGM_Meet_Aram" SFX="-1" />
      <Location Left="-1" Middle="100_1_107" Right="-1" />
      <Effect Fade="-1" Camera="-1" UI="-1" />
      <CharacterEffect LeftEvent="-1" MiddleEvent="-1" RightEvent="-1" />
      <PieceImage PutPicture="-1" />
    </story>
    <story>
      <Text>“소문 확인하러 온 거죠?”</Text>
      <Setting Type="0" Speaker="100" Background="1" BGM="BGM_Meet_Aram" SFX="-1" />
      <Location Left="-1" Middle="100_1_106" Right="-1" />
      <Effect Fade="-1" Camera="-1" UI="-1" />
      <CharacterEffect LeftEvent="-1" MiddleEvent="-1" RightEvent="-1" />
      <PieceImage PutPicture="-1" />
    </story>
    <story>
      <Text>“…응? 소문?”</Text>
      <Setting Type="0" Speaker="500" Background="1" BGM="BGM_Meet_Aram" SFX="-1" />
      <Location Left="-1" Middle="100_1_106" Right="-1" />
      <Effect Fade="-1" Camera="-1" UI="-1" />
      <CharacterEffect LeftEvent="-1" MiddleEvent="-1" RightEvent="-1" />
      <PieceImage PutPicture="-1" />
    </story>
    <story>
      <Text>“요즘 학교에서 유행하는 얘기요. 밤이 되면 학교에서 귀신이 나온다, 어두운 곳에서 괴물이 나온다~ 하는 그거요.” </Text>
      <Setting Type="0" Speaker="100" Background="1" BGM="BGM_Meet_Aram" SFX="-1" />
      <Location Left="-1" Middle="100_1_101" Right="-1" />
      <Effect Fade="-1" Camera="-1" UI="-1" />
      <CharacterEffect LeftEvent="-1" MiddleEvent="-1" RightEvent="-1" />
      <PieceImage PutPicture="-1" />
    </story>
    <story>
      <Text>“근데 그거 제가 확인해 봤는데 뻥이더라고요. 학교에서 귀신 안 나와요.” </Text>
      <Setting Type="0" Speaker="100" Background="1" BGM="BGM_Meet_Aram" SFX="-1" />
      <Location Left="-1" Middle="100_1_101" Right="-1" />
      <Effect Fade="-1" Camera="-1" UI="-1" />
      <CharacterEffect LeftEvent="-1" MiddleEvent="-1" RightEvent="-1" />
      <PieceImage PutPicture="-1" />
    </story>
    <story>
      <Text>“아니, 그….” </Text>
      <Setting Type="0" Speaker="500" Background="1" BGM="BGM_Meet_Aram" SFX="-1" />
      <Location Left="-1" Middle="100_1_101" Right="-1" />
      <Effect Fade="-1" Camera="-1" UI="-1" />
      <CharacterEffect LeftEvent="-1" MiddleEvent="-1" RightEvent="-1" />
      <PieceImage PutPicture="-1" />
    </story>
    <story>
      <Text>그건 네 착각이고 나는 학교에서 아무도 안 깨워줘서 지금까지 잔 건데? </Text>
      <Setting Type="0" Speaker="-1" Background="1" BGM="BGM_Meet_Aram" SFX="-1" />
      <Location Left="-1" Middle="100_1_101" Right="-1" />
      <Effect Fade="-1" Camera="-1" UI="-1" />
      <CharacterEffect LeftEvent="-1" MiddleEvent="-1" RightEvent="-1" />
      <PieceImage PutPicture="-1" />
    </story>
    <story>
      <Text>차마 그렇게 말할 수는 없었다. </Text>
      <Setting Type="0" Speaker="-1" Background="1" BGM="BGM_Meet_Aram" SFX="-1" />
      <Location Left="-1" Middle="100_1_101" Right="-1" />
      <Effect Fade="-1" Camera="-1" UI="-1" />
      <CharacterEffect LeftEvent="-1" MiddleEvent="-1" RightEvent="-1" />
      <PieceImage PutPicture="-1" />
    </story>
    <story>
      <Text>“그, 그래? 그럼 그냥 집에 가야겠네.” </Text>
      <Setting Type="0" Speaker="500" Background="1" BGM="BGM_Meet_Aram" SFX="-1" />
      <Location Left="-1" Middle="100_1_101" Right="-1" />
      <Effect Fade="-1" Camera="-1" UI="-1" />
      <CharacterEffect LeftEvent="-1" MiddleEvent="-1" RightEvent="-1" />
      <PieceImage PutPicture="-1" />
    </story>
    <story>
      <Text>“그게 좋을걸요? 돌아다녀도 여긴 뭐 없어요.” </Text>
      <Setting Type="0" Speaker="100" Background="1" BGM="BGM_Meet_Aram" SFX="-1" />
      <Location Left="-1" Middle="100_1_101" Right="-1" />
      <Effect Fade="-1" Camera="-1" UI="-1" />
      <CharacterEffect LeftEvent="-1" MiddleEvent="-1" RightEvent="-1" />
      <PieceImage PutPicture="-1" />
    </story>
    <story>
      <Text>여자애는 아쉬운 듯이 툴툴대더니 손을 내저었다. </Text>
      <Setting Type="0" Speaker="-1" Background="1" BGM="BGM_Meet_Aram" SFX="-1" />
      <Location Left="-1" Middle="100_1_101" Right="-1" />
      <Effect Fade="-1" Camera="-1" UI="-1" />
      <CharacterEffect LeftEvent="-1" MiddleEvent="-1" RightEvent="-1" />
      <PieceImage PutPicture="-1" />
    </story>
    <story>
      <Text>“전 학교에 아직 볼일 있어서요. 먼저 가보세요.” </Text>
      <Setting Type="0" Speaker="100" Background="1" BGM="BGM_Meet_Aram" SFX="-1" />
      <Location Left="-1" Middle="100_1_101" Right="-1" />
      <Effect Fade="-1" Camera="-1" UI="-1" />
      <CharacterEffect LeftEvent="-1" MiddleEvent="-1" RightEvent="-1" />
      <PieceImage PutPicture="-1" />
    </story>
    <story>
      <Text>“아, 응. 그럼….”</Text>
      <Setting Type="0" Speaker="500" Background="1" BGM="BGM_Meet_Aram" SFX="-1" />
      <Location Left="-1" Middle="100_1_101" Right="-1" />
      <Effect Fade="-1" Camera="-1" UI="-1" />
      <CharacterEffect LeftEvent="-1" MiddleEvent="-1" RightEvent="-1" />
      <PieceImage PutPicture="-1" />
    </story>
    <story>
      <Text>무슨 볼일이 있는지는 몰라도, 내가 신경 쓸 일은 아니겠지. </Text>
      <Setting Type="0" Speaker="-1" Background="1" BGM="BGM_Meet_Aram" SFX="-1" />
      <Location Left="-1" Middle="-1" Right="-1" />
      <Effect Fade="-1" Camera="-1" UI="-1" />
      <CharacterEffect LeftEvent="-1" MiddleEvent="-1" RightEvent="-1" />
      <PieceImage PutPicture="-1" />
    </story>
    <story>
      <Text>그대로 여자애를 지나쳐 다시 계단을 내려가려 하자, 갑자기 여자애가 팔을 붙잡았다. </Text>
      <Setting Type="0" Speaker="-1" Background="1" BGM="-1" SFX="-1" />
      <Location Left="-1" Middle="100_1_102" Right="-1" />
      <Effect Fade="-1" Camera="-1" UI="-1" />
      <CharacterEffect LeftEvent="-1" MiddleEvent="-1" RightEvent="-1" />
      <PieceImage PutPicture="-1" />
    </story>
    <story>
      <Text>“아! 근데 돌아갈 때는 밝은 길로 가세요.” </Text>
      <Setting Type="0" Speaker="100" Background="1" BGM="-1" SFX="-1" />
      <Location Left="-1" Middle="100_1_102" Right="-1" />
      <Effect Fade="-1" Camera="-1" UI="-1" />
      <CharacterEffect LeftEvent="-1" MiddleEvent="-1" RightEvent="-1" />
      <PieceImage PutPicture="-1" />
    </story>
    <story>
      <Text>“…밝은 길? 왜?”</Text>
      <Setting Type="0" Speaker="500" Background="1" BGM="-1" SFX="-1" />
      <Location Left="-1" Middle="100_1_102" Right="-1" />
      <Effect Fade="-1" Camera="-1" UI="-1" />
      <CharacterEffect LeftEvent="-1" MiddleEvent="-1" RightEvent="-1" />
      <PieceImage PutPicture="-1" />
    </story>
    <story>
      <Text>“밤이 되면 어두운 곳에서 괴물이 나온다는 거.”</Text>
      <Setting Type="0" Speaker="100" Background="1" BGM="-1" SFX="-1" />
      <Location Left="-1" Middle="100_1_102" Right="-1" />
      <Effect Fade="-1" Camera="-1" UI="-1" />
      <CharacterEffect LeftEvent="-1" MiddleEvent="-1" RightEvent="-1" />
      <PieceImage PutPicture="-1" />
    </story>
    <story>
      <Text>“그건 진짜래요.” </Text>
      <Setting Type="0" Speaker="100" Background="1" BGM="-1" SFX="-1" />
      <Location Left="-1" Middle="100_1_102" Right="-1" />
      <Effect Fade="-1" Camera="-1" UI="-1" />
      <CharacterEffect LeftEvent="-1" MiddleEvent="-1" RightEvent="-1" />
      <PieceImage PutPicture="-1" />
    </story>
    <story>
      <Text>교문으로 나와 조금 걷다 보니, 늘 지나다니는 골목 입구에 도착했다. </Text>
      <Setting Type="0" Speaker="-1" Background="3_1" BGM="-1" SFX="-1" />
      <Location Left="-1" Middle="-1" Right="-1" />
      <Effect Fade="-1" Camera="-1" UI="-1" />
      <CharacterEffect LeftEvent="-1" MiddleEvent="-1" RightEvent="-1" />
      <PieceImage PutPicture="-1" />
    </story>
    <story>
      <Text>학교 가는 지름길이라 등하교할 때 자주 써먹던 뒷골목. </Text>
      <Setting Type="0" Speaker="-1" Background="3" BGM="-1" SFX="-1" />
      <Location Left="-1" Middle="-1" Right="-1" />
      <Effect Fade="-1" Camera="-1" UI="-1" />
      <CharacterEffect LeftEvent="-1" MiddleEvent="-1" RightEvent="-1" />
      <PieceImage PutPicture="-1" />
    </story>
    <story>
      <Text>평소에는 별생각도 안 하고 다니던 곳이었는데….</Text>
      <Setting Type="0" Speaker="-1" Background="3" BGM="-1" SFX="-1" />
      <Location Left="-1" Middle="-1" Right="-1" />
      <Effect Fade="-1" Camera="-1" UI="-1" />
      <CharacterEffect LeftEvent="-1" MiddleEvent="-1" RightEvent="-1" />
      <PieceImage PutPicture="-1" />
    </story>
    <story>
      <Text>어쩐지 오늘따라 꺼림칙하게 보였다. </Text>
      <Setting Type="0" Speaker="-1" Background="3" BGM="-1" SFX="-1" />
      <Location Left="-1" Middle="-1" Right="-1" />
      <Effect Fade="-1" Camera="-1" UI="-1" />
      <CharacterEffect LeftEvent="-1" MiddleEvent="-1" RightEvent="-1" />
      <PieceImage PutPicture="-1" />
    </story>
    <story>
      <Text>희미하게 켜있는 가로등 하나, 인기척 없이 가라앉은 분위기, </Text>
      <Setting Type="0" Speaker="-1" Background="3" BGM="-1" SFX="-1" />
      <Location Left="-1" Middle="-1" Right="-1" />
      <Effect Fade="-1" Camera="-1" UI="-1" />
      <CharacterEffect LeftEvent="-1" MiddleEvent="-1" RightEvent="-1" />
      <PieceImage PutPicture="-1" />
    </story>
    <story>
      <Text>그리고 아까 여자애가 말한 괴물이 나온다는 이야기. </Text>
      <Setting Type="0" Speaker="-1" Background="3" BGM="-1" SFX="-1" />
      <Location Left="-1" Middle="-1" Right="-1" />
      <Effect Fade="-1" Camera="-1" UI="-1" />
      <CharacterEffect LeftEvent="-1" MiddleEvent="-1" RightEvent="-1" />
      <PieceImage PutPicture="-1" />
    </story>
    <story>
      <Text>당연히 헛소문이겠지만, 어두운 골목을 보니 자꾸만 그 말이 생각났다. </Text>
      <Setting Type="0" Speaker="-1" Background="3" BGM="-1" SFX="-1" />
      <Location Left="-1" Middle="-1" Right="-1" />
      <Effect Fade="-1" Camera="-1" UI="-1" />
      <CharacterEffect LeftEvent="-1" MiddleEvent="-1" RightEvent="-1" />
      <PieceImage PutPicture="-1" />
    </story>
    <story>
      <Text>“…큰길로 갈까?”</Text>
      <Setting Type="0" Speaker="500" Background="3" BGM="-1" SFX="-1" />
      <Location Left="-1" Middle="-1" Right="-1" />
      <Effect Fade="-1" Camera="-1" UI="-1" />
      <CharacterEffect LeftEvent="-1" MiddleEvent="-1" RightEvent="-1" />
      <PieceImage PutPicture="-1" />
    </story>
    <story>
      <Text>하지만 거기로 가면 집까지 30분은 더 걸어야 한다. 그것도 겨울 칼바람을 몸으로 뚫으면서. </Text>
      <Setting Type="0" Speaker="-1" Background="3" BGM="-1" SFX="-1" />
      <Location Left="-1" Middle="-1" Right="-1" />
      <Effect Fade="-1" Camera="-1" UI="-1" />
      <CharacterEffect LeftEvent="-1" MiddleEvent="-1" RightEvent="-1" />
      <PieceImage PutPicture="-1" />
    </story>
    <story>
      <Text>하지만 이 뒷골목으로 가면 적어도 바람은 안 맞겠지. 집에도 일찍 도착할 테고.</Text>
      <Setting Type="0" Speaker="-1" Background="3" BGM="-1" SFX="-1" />
      <Location Left="-1" Middle="-1" Right="-1" />
      <Effect Fade="-1" Camera="-1" UI="-1" />
      <CharacterEffect LeftEvent="-1" MiddleEvent="-1" RightEvent="-1" />
      <PieceImage PutPicture="-1" />
    </story>
    <story>
      <Text>“으으….”</Text>
      <Setting Type="0" Speaker="500" Background="3" BGM="BGM_Windy" SFX="-1" />
      <Location Left="-1" Middle="-1" Right="-1" />
      <Effect Fade="-1" Camera="-1" UI="-1" />
      <CharacterEffect LeftEvent="-1" MiddleEvent="-1" RightEvent="-1" />
      <PieceImage PutPicture="-1" />
    </story>
    <story>
      <Text>그래. 괴물은 뭔 괴물이야. 미치도록 추운 이 날씨가 진짜 괴물이지.</Text>
      <Setting Type="0" Speaker="-1" Background="3" BGM="BGM_Windy" SFX="-1" />
      <Location Left="-1" Middle="-1" Right="-1" />
      <Effect Fade="-1" Camera="-1" UI="-1" />
      <CharacterEffect LeftEvent="-1" MiddleEvent="-1" RightEvent="-1" />
      <PieceImage PutPicture="-1" />
    </story>
    <story>
      <Text>겨울바람에 떠밀리듯 나는 어두운 골목 안으로 들어갔다. </Text>
      <Setting Type="0" Speaker="-1" Background="3" BGM="BGM_Windy" SFX="-1" />
      <Location Left="-1" Middle="-1" Right="-1" />
      <Effect Fade="-1" Camera="-1" UI="-1" />
      <CharacterEffect LeftEvent="-1" MiddleEvent="-1" RightEvent="-1" />
      <PieceImage PutPicture="-1" />
    </story>
    <story>
      <Text>귀에 시끄럽던 바람 소리가 사라지자, 주위는 순식간에 조용해졌다. </Text>
      <Setting Type="0" Speaker="-1" Background="3" BGM="BGM_Windy_1" SFX="-1" />
      <Location Left="-1" Middle="-1" Right="-1" />
      <Effect Fade="-1" Camera="-1" UI="-1" />
      <CharacterEffect LeftEvent="-1" MiddleEvent="-1" RightEvent="-1" />
      <PieceImage PutPicture="-1" />
    </story>
    <story>
      <Text>내가 만드는 작은 발소리와 불안하게 치직대는 가로등 소음. </Text>
      <Setting Type="0" Speaker="-1" Background="3" BGM="-1" SFX="SFX_Walk" />
      <Location Left="-1" Middle="-1" Right="-1" />
      <Effect Fade="-1" Camera="-1" UI="-1" />
      <CharacterEffect LeftEvent="-1" MiddleEvent="-1" RightEvent="-1" />
      <PieceImage PutPicture="-1" />
    </story>
    <story>
      <Text>그게 없었다면 어떤 소리도 들리지 않을 만큼 골목은 조용했다. </Text>
      <Setting Type="0" Speaker="-1" Background="3" BGM="-1" SFX="SFX_Walk" />
      <Location Left="-1" Middle="-1" Right="-1" />
      <Effect Fade="-1" Camera="-1" UI="-1" />
      <CharacterEffect LeftEvent="-1" MiddleEvent="-1" RightEvent="-1" />
      <PieceImage PutPicture="-1" />
    </story>
    <story>
      <Text>아니, 내가 안으로 들어갈수록 골목은 더더욱 소리가 없어지는 것만 같았다. </Text>
      <Setting Type="0" Speaker="-1" Background="3" BGM="-1" SFX="SFX_Walk" />
      <Location Left="-1" Middle="-1" Right="-1" />
      <Effect Fade="-1" Camera="-1" UI="-1" />
      <CharacterEffect LeftEvent="-1" MiddleEvent="-1" RightEvent="-1" />
      <PieceImage PutPicture="-1" />
    </story>
    <story>
      <Text>…이 골목이 원래 이렇게 조용했나?</Text>
      <Setting Type="0" Speaker="-1" Background="3" BGM="-1" SFX="SFX_Horror" />
      <Location Left="-1" Middle="-1" Right="-1" />
      <Effect Fade="-1" Camera="-1" UI="-1" />
      <CharacterEffect LeftEvent="-1" MiddleEvent="-1" RightEvent="-1" />
      <PieceImage PutPicture="-1" />
    </story>
    <story>
      <Text>그 침묵이 왠지 모르게 무서워지기 시작했다. </Text>
      <Setting Type="0" Speaker="-1" Background="3" BGM="-1" SFX="-1" />
      <Location Left="-1" Middle="-1" Right="-1" />
      <Effect Fade="-1" Camera="-1" UI="-1" />
      <CharacterEffect LeftEvent="-1" MiddleEvent="-1" RightEvent="-1" />
      <PieceImage PutPicture="-1" />
    </story>
    <story>
      <Text>알 수 없는 불안감이 서서히 내 발을 타고 올라온다. </Text>
      <Setting Type="0" Speaker="-1" Background="3" BGM="-1" SFX="-1" />
      <Location Left="-1" Middle="-1" Right="-1" />
      <Effect Fade="-1" Camera="-1" UI="-1" />
      <CharacterEffect LeftEvent="-1" MiddleEvent="-1" RightEvent="-1" />
      <PieceImage PutPicture="-1" />
    </story>
    <story>
      <Text>그걸 뿌리치듯 발걸음을 재촉했다. </Text>
      <Setting Type="0" Speaker="-1" Background="3" BGM="-1" SFX="SFX_Walk" />
      <Location Left="-1" Middle="-1" Right="-1" />
      <Effect Fade="-1" Camera="-1" UI="-1" />
      <CharacterEffect LeftEvent="-1" MiddleEvent="-1" RightEvent="-1" />
      <PieceImage PutPicture="-1" />
    </story>
    <story>
      <Text>여기가 엄청나게 긴 골목도 아니고, 좀 빨리 걸으면 금방 나가는 길이 보일 거다. </Text>
      <Setting Type="0" Speaker="-1" Background="3" BGM="-1" SFX="SFX_Walk" />
      <Location Left="-1" Middle="-1" Right="-1" />
      <Effect Fade="-1" Camera="-1" UI="-1" />
      <CharacterEffect LeftEvent="-1" MiddleEvent="-1" RightEvent="-1" />
      <PieceImage PutPicture="-1" />
    </story>
    <story>
      <Text>아니다. 그냥 뛰어가자. </Text>
      <Setting Type="0" Speaker="-1" Background="3" BGM="-1" SFX="-1" />
      <Location Left="-1" Middle="-1" Right="-1" />
      <Effect Fade="-1" Camera="-1" UI="-1" />
      <CharacterEffect LeftEvent="-1" MiddleEvent="-1" RightEvent="-1" />
      <PieceImage PutPicture="-1" />
    </story>
    <story>
      <Text>그래. 뛰면 금방이야. 나가는 데까지 몇 분도 안 걸려. </Text>
      <Setting Type="0" Speaker="-1" Background="3" BGM="-1" SFX="-1" />
      <Location Left="-1" Middle="-1" Right="-1" />
      <Effect Fade="-1" Camera="-1" UI="-1" />
      <CharacterEffect LeftEvent="-1" MiddleEvent="-1" RightEvent="-1" />
      <PieceImage PutPicture="-1" />
    </story>
    <story>
      <Text>그렇게 생각하고 뛰려 한 순간. </Text>
      <Setting Type="0" Speaker="-1" Background="3" BGM="-1" SFX="-1" />
      <Location Left="-1" Middle="-1" Right="-1" />
      <Effect Fade="-1" Camera="-1" UI="-1" />
      <CharacterEffect LeftEvent="-1" MiddleEvent="-1" RightEvent="-1" />
      <PieceImage PutPicture="-1" />
    </story>
    <story>
      <Text>굉음과 함께 골목이 어둠에 잠기었다. </Text>
      <Setting Type="0" Speaker="-1" Background="2" BGM="-1" SFX="SFX_LightBreak" />
      <Location Left="-1" Middle="-1" Right="-1" />
      <Effect Fade="-1" Camera="510" UI="-1" />
      <CharacterEffect LeftEvent="-1" MiddleEvent="-1" RightEvent="-1" />
      <PieceImage PutPicture="-1" />
    </story>
    <story>
      <Text>가로등이 고장 난 걸까. </Text>
      <Setting Type="0" Speaker="-1" Background="2" BGM="-1" SFX="-1" />
      <Location Left="-1" Middle="-1" Right="-1" />
      <Effect Fade="-1" Camera="-1" UI="-1" />
      <CharacterEffect LeftEvent="-1" MiddleEvent="-1" RightEvent="-1" />
      <PieceImage PutPicture="-1" />
    </story>
    <story>
      <Text>하나뿐이었던 빛이 사라지자, 골목은 내가 생각한 것 이상으로 어두워졌다. </Text>
      <Setting Type="0" Speaker="-1" Background="2" BGM="-1" SFX="-1" />
      <Location Left="-1" Middle="-1" Right="-1" />
      <Effect Fade="-1" Camera="-1" UI="-1" />
      <CharacterEffect LeftEvent="-1" MiddleEvent="-1" RightEvent="-1" />
      <PieceImage PutPicture="-1" />
    </story>
    <story>
      <Text>아무리 밤이라도, 아무리 어두운 골목이라고 해도 이상하게 느껴질 만큼. </Text>
      <Setting Type="0" Speaker="-1" Background="2" BGM="-1" SFX="-1" />
      <Location Left="-1" Middle="-1" Right="-1" />
      <Effect Fade="-1" Camera="-1" UI="-1" />
      <CharacterEffect LeftEvent="-1" MiddleEvent="-1" RightEvent="-1" />
      <PieceImage PutPicture="-1" />
    </story>
    <story>
      <Text>그리고 깨달았다. </Text>
      <Setting Type="0" Speaker="-1" Background="2" BGM="-1" SFX="-1" />
      <Location Left="-1" Middle="-1" Right="-1" />
      <Effect Fade="-1" Camera="-1" UI="-1" />
      <CharacterEffect LeftEvent="-1" MiddleEvent="-1" RightEvent="-1" />
      <PieceImage PutPicture="-1" />
    </story>
    <story>
      <Text>이상할 만큼 조용했던 골목에서 소리가 들린다. </Text>
      <Setting Type="0" Speaker="-1" Background="2" BGM="-1" SFX="-1" />
      <Location Left="-1" Middle="-1" Right="-1" />
      <Effect Fade="-1" Camera="-1" UI="-1" />
      <CharacterEffect LeftEvent="-1" MiddleEvent="-1" RightEvent="-1" />
      <PieceImage PutPicture="-1" />
    </story>
    <story>
      <Text>사람의 발소리가 아닌, 이상한 소리가 들린다. </Text>
      <Setting Type="0" Speaker="-1" Background="2" BGM="-1" SFX="-1" />
      <Location Left="-1" Middle="-1" Right="-1" />
      <Effect Fade="-1" Camera="-1" UI="-1" />
      <CharacterEffect LeftEvent="-1" MiddleEvent="-1" RightEvent="-1" />
      <PieceImage PutPicture="-1" />
    </story>
    <story>
      <Text>내 뒤에서 점점 내게로 가까워져 온다. </Text>
      <Setting Type="0" Speaker="-1" Background="2" BGM="-1" SFX="-1" />
      <Location Left="-1" Middle="-1" Right="-1" />
      <Effect Fade="-1" Camera="-1" UI="-1" />
      <CharacterEffect LeftEvent="-1" MiddleEvent="-1" RightEvent="-1" />
      <PieceImage PutPicture="-1" />
    </story>
    <story>
      <Text>“…….” </Text>
      <Setting Type="0" Speaker="-1" Background="2" BGM="-1" SFX="-1" />
      <Location Left="-1" Middle="-1" Right="-1" />
      <Effect Fade="-1" Camera="-1" UI="-1" />
      <CharacterEffect LeftEvent="-1" MiddleEvent="-1" RightEvent="-1" />
      <PieceImage PutPicture="-1" />
    </story>
    <story>
      <Text>별거 아니겠지. 그렇게 되뇌어도 몸의 떨림이 멈추지 않는다. </Text>
      <Setting Type="0" Speaker="-1" Background="2" BGM="-1" SFX="-1" />
      <Location Left="-1" Middle="-1" Right="-1" />
      <Effect Fade="-1" Camera="-1" UI="-1" />
      <CharacterEffect LeftEvent="-1" MiddleEvent="-1" RightEvent="-1" />
      <PieceImage PutPicture="-1" />
    </story>
    <story>
      <Text>돌아보면 안 된다고 머릿속에서 소리를 지른다. </Text>
      <Setting Type="0" Speaker="-1" Background="2" BGM="-1" SFX="-1" />
      <Location Left="-1" Middle="-1" Right="-1" />
      <Effect Fade="-1" Camera="-1" UI="-1" />
      <CharacterEffect LeftEvent="-1" MiddleEvent="-1" RightEvent="-1" />
      <PieceImage PutPicture="-1" />
    </story>
    <story>
      <Text>하지만 어째선지 나는 고개를 돌렸고</Text>
      <Setting Type="0" Speaker="-1" Background="2" BGM="-1" SFX="-1" />
      <Location Left="-1" Middle="-1" Right="-1" />
      <Effect Fade="-1" Camera="-1" UI="-1" />
      <CharacterEffect LeftEvent="-1" MiddleEvent="-1" RightEvent="-1" />
      <PieceImage PutPicture="-1" />
    </story>
    <story>
      <Text>어둠 속에 있는 그것을 보고 말았다. </Text>
      <Setting Type="0" Speaker="-1" Background="2" BGM="-1" SFX="-1" />
      <Location Left="-1" Middle="-1" Right="-1" />
      <Effect Fade="-1" Camera="-1" UI="-1" />
      <CharacterEffect LeftEvent="-1" MiddleEvent="-1" RightEvent="-1" />
      <PieceImage PutPicture="-1" />
    </story>
    <story>
      <Text>“---”</Text>
      <Setting Type="0" Speaker="-1" Background="2" BGM="-1" SFX="SFX_Horror" />
      <Location Left="-1" Middle="-1" Right="-1" />
      <Effect Fade="-1" Camera="515" UI="-1" />
      <CharacterEffect LeftEvent="-1" MiddleEvent="-1" RightEvent="-1" />
      <PieceImage PutPicture="-1" />
    </story>
    <story>
      <Text>사람의 얼굴을 가진 거대한 거미. </Text>
      <Setting Type="0" Speaker="-1" Background="2" BGM="-1" SFX="SFX_Horror" />
      <Location Left="-1" Middle="-1" Right="-1" />
      <Effect Fade="-1" Camera="511" UI="-1" />
      <CharacterEffect LeftEvent="-1" MiddleEvent="-1" RightEvent="-1" />
      <PieceImage PutPicture="-1" />
    </story>
    <story>
      <Text>손가락이 달린 뒤틀린 팔다리를 기괴하게 꿈틀거린다. </Text>
      <Setting Type="0" Speaker="-1" Background="2" BGM="-1" SFX="SFX_Horror" />
      <Location Left="-1" Middle="-1" Right="-1" />
      <Effect Fade="-1" Camera="-1" UI="-1" />
      <CharacterEffect LeftEvent="-1" MiddleEvent="-1" RightEvent="-1" />
      <PieceImage PutPicture="-1" />
    </story>
    <story>
      <Text>꺽꺽대는 듯한 목소리로 울면서, 여덟 개의 눈동자로 나를 노려본다. </Text>
      <Setting Type="0" Speaker="-1" Background="2" BGM="BGM_Horror" SFX="-1" />
      <Location Left="-1" Middle="-1" Right="-1" />
      <Effect Fade="-1" Camera="-1" UI="-1" />
      <CharacterEffect LeftEvent="-1" MiddleEvent="-1" RightEvent="-1" />
      <PieceImage PutPicture="-1" />
    </story>
    <story>
      <Text>당장이라도 죽이고 싶은 것처럼.</Text>
      <Setting Type="0" Speaker="-1" Background="2" BGM="BGM_Horror" SFX="-1" />
      <Location Left="-1" Middle="-1" Right="-1" />
      <Effect Fade="-1" Camera="-1" UI="-1" />
      <CharacterEffect LeftEvent="-1" MiddleEvent="-1" RightEvent="-1" />
      <PieceImage PutPicture="-1" />
    </story>
    <story>
      <Text>도망쳐야 한다. </Text>
      <Setting Type="0" Speaker="-1" Background="2" BGM="BGM_Horror" SFX="-1" />
      <Location Left="-1" Middle="-1" Right="-1" />
      <Effect Fade="-1" Camera="-1" UI="-1" />
      <CharacterEffect LeftEvent="-1" MiddleEvent="-1" RightEvent="-1" />
      <PieceImage PutPicture="-1" />
    </story>
    <story>
      <Text>저게 날 붙잡기 전에 멀리 떨어져야 한다.</Text>
      <Setting Type="0" Speaker="-1" Background="2" BGM="BGM_Horror" SFX="-1" />
      <Location Left="-1" Middle="-1" Right="-1" />
      <Effect Fade="-1" Camera="-1" UI="-1" />
      <CharacterEffect LeftEvent="-1" MiddleEvent="-1" RightEvent="-1" />
      <PieceImage PutPicture="-1" />
    </story>
    <story>
      <Text>그런데 발이 움직이지 않았다,</Text>
      <Setting Type="0" Speaker="-1" Background="2" BGM="BGM_Horror" SFX="-1" />
      <Location Left="-1" Middle="-1" Right="-1" />
      <Effect Fade="-1" Camera="-1" UI="-1" />
      <CharacterEffect LeftEvent="-1" MiddleEvent="-1" RightEvent="-1" />
      <PieceImage PutPicture="-1" />
    </story>
    <story>
      <Text>어차피 내가 저것에서 도망칠 수 없는 걸 아는 듯이. </Text>
      <Setting Type="0" Speaker="-1" Background="2" BGM="BGM_Horror" SFX="-1" />
      <Location Left="-1" Middle="-1" Right="-1" />
      <Effect Fade="-1" Camera="-1" UI="-1" />
      <CharacterEffect LeftEvent="-1" MiddleEvent="-1" RightEvent="-1" />
      <PieceImage PutPicture="-1" />
    </story>
    <story>
      <Text>몸은 저항하는 걸 포기하고, 제자리에서 꼼짝하지 않았다.</Text>
      <Setting Type="0" Speaker="-1" Background="2" BGM="BGM_Horror" SFX="-1" />
      <Location Left="-1" Middle="-1" Right="-1" />
      <Effect Fade="-1" Camera="-1" UI="-1" />
      <CharacterEffect LeftEvent="-1" MiddleEvent="-1" RightEvent="-1" />
      <PieceImage PutPicture="-1" />
    </story>
    <story>
      <Text>“---” </Text>
      <Setting Type="0" Speaker="600" Background="2" BGM="BGM_Horror" SFX="-1" />
      <Location Left="-1" Middle="-1" Right="-1" />
      <Effect Fade="-1" Camera="-1" UI="-1" />
      <CharacterEffect LeftEvent="-1" MiddleEvent="-1" RightEvent="-1" />
      <PieceImage PutPicture="-1" />
    </story>
    <story>
      <Text>코앞으로 다가온 괴물이 천천히 입을 벌린다. </Text>
      <Setting Type="0" Speaker="-1" Background="2" BGM="BGM_Horror" SFX="-1" />
      <Location Left="-1" Middle="-1" Right="-1" />
      <Effect Fade="-1" Camera="-1" UI="-1" />
      <CharacterEffect LeftEvent="-1" MiddleEvent="-1" RightEvent="-1" />
      <PieceImage PutPicture="-1" />
    </story>
    <story>
      <Text>희생양을 한입에 삼켜버릴 크기의 커다란 입. 괴물의 입천장이 만든 그림자가 날 덧씌워 간다.</Text>
      <Setting Type="0" Speaker="-1" Background="2" BGM="BGM_Horror" SFX="-1" />
      <Location Left="-1" Middle="-1" Right="-1" />
      <Effect Fade="-1" Camera="-1" UI="-1" />
      <CharacterEffect LeftEvent="-1" MiddleEvent="-1" RightEvent="-1" />
      <PieceImage PutPicture="-1" />
    </story>
    <story>
      <Text>괴물의 기분 나쁜 숨결이 닿고 나서야, 내 앞에 놓인 현실을 직시했다. </Text>
      <Setting Type="0" Speaker="-1" Background="2" BGM="BGM_Horror" SFX="-1" />
      <Location Left="-1" Middle="-1" Right="-1" />
      <Effect Fade="-1" Camera="-1" UI="-1" />
      <CharacterEffect LeftEvent="-1" MiddleEvent="-1" RightEvent="-1" />
      <PieceImage PutPicture="-1" />
    </story>
    <story>
      <Text>…나. 여기서 죽는구나.</Text>
      <Setting Type="0" Speaker="-1" Background="0" BGM="BGM_Horror" SFX="-1" />
      <Location Left="-1" Middle="-1" Right="-1" />
      <Effect Fade="-1" Camera="-1" UI="-1" />
      <CharacterEffect LeftEvent="-1" MiddleEvent="-1" RightEvent="-1" />
      <PieceImage PutPicture="-1" />
    </story>
    <story>
      <Text>내가 죽고 나면 어떻게 될까.</Text>
      <Setting Type="0" Speaker="-1" Background="0" BGM="BGM_Horror" SFX="-1" />
      <Location Left="-1" Middle="-1" Right="-1" />
      <Effect Fade="-1" Camera="-1" UI="-1" />
      <CharacterEffect LeftEvent="-1" MiddleEvent="-1" RightEvent="-1" />
      <PieceImage PutPicture="-1" />
    </story>
    <story>
      <Text>고등학교 2학년 남자애의 이른 장례식이 되겠지. </Text>
      <Setting Type="0" Speaker="-1" Background="0" BGM="BGM_Horror" SFX="-1" />
      <Location Left="-1" Middle="-1" Right="-1" />
      <Effect Fade="-1" Camera="-1" UI="-1" />
      <CharacterEffect LeftEvent="-1" MiddleEvent="-1" RightEvent="-1" />
      <PieceImage PutPicture="-1" />
    </story>
    <story>
      <Text>담임선생님이 데려온 같은 반 애들이 조문객으로 올 거고. </Text>
      <Setting Type="0" Speaker="-1" Background="0" BGM="BGM_Horror" SFX="-1" />
      <Location Left="-1" Middle="-1" Right="-1" />
      <Effect Fade="-1" Camera="-1" UI="-1" />
      <CharacterEffect LeftEvent="-1" MiddleEvent="-1" RightEvent="-1" />
      <PieceImage PutPicture="-1" />
    </story>
    <story>
      <Text>다들 슬픈 표정을 지으며 내 영정을 보고 가겠지.</Text>
      <Setting Type="0" Speaker="-1" Background="0" BGM="BGM_Horror" SFX="-1" />
      <Location Left="-1" Middle="-1" Right="-1" />
      <Effect Fade="-1" Camera="-1" UI="-1" />
      <CharacterEffect LeftEvent="-1" MiddleEvent="-1" RightEvent="-1" />
      <PieceImage PutPicture="-1" />
    </story>
    <story>
      <Text>하지만 아마….</Text>
      <Setting Type="0" Speaker="-1" Background="0" BGM="BGM_Horror" SFX="-1" />
      <Location Left="-1" Middle="-1" Right="-1" />
      <Effect Fade="-1" Camera="-1" UI="-1" />
      <CharacterEffect LeftEvent="-1" MiddleEvent="-1" RightEvent="-1" />
      <PieceImage PutPicture="-1" />
    </story>
    <story>
      <Text>아무도 울지 않을 거다. </Text>
      <Setting Type="0" Speaker="-1" Background="0" BGM="BGM_Horror" SFX="-1" />
      <Location Left="-1" Middle="-1" Right="-1" />
      <Effect Fade="-1" Camera="-1" UI="-1" />
      <CharacterEffect LeftEvent="-1" MiddleEvent="-1" RightEvent="-1" />
      <PieceImage PutPicture="-1" />
    </story>
    <story>
      <Text>진심으로 슬퍼하는 사람은 없으니까.</Text>
      <Setting Type="0" Speaker="-1" Background="0" BGM="BGM_Horror" SFX="-1" />
      <Location Left="-1" Middle="-1" Right="-1" />
      <Effect Fade="-1" Camera="-1" UI="-1" />
      <CharacterEffect LeftEvent="-1" MiddleEvent="-1" RightEvent="-1" />
      <PieceImage PutPicture="-1" />
    </story>
    <story>
      <Text>누구도 울지 않고, 누구도 슬퍼하지 않는 편한 장례식이 될 거다. </Text>
      <Setting Type="0" Speaker="-1" Background="0" BGM="BGM_Horror" SFX="-1" />
      <Location Left="-1" Middle="-1" Right="-1" />
      <Effect Fade="-1" Camera="-1" UI="-1" />
      <CharacterEffect LeftEvent="-1" MiddleEvent="-1" RightEvent="-1" />
      <PieceImage PutPicture="-1" />
    </story>
    <story>
      <Text>다른 사람에게 마음 안 써도 되는, 아주 간편한 나 혼자만의 장례식. </Text>
      <Setting Type="0" Speaker="-1" Background="0" BGM="BGM_Horror" SFX="-1" />
      <Location Left="-1" Middle="-1" Right="-1" />
      <Effect Fade="-1" Camera="-1" UI="-1" />
      <CharacterEffect LeftEvent="-1" MiddleEvent="-1" RightEvent="-1" />
      <PieceImage PutPicture="-1" />
    </story>
    <story>
      <Text>뒤늦은 후회가 몰려왔다. </Text>
      <Setting Type="0" Speaker="-1" Background="0" BGM="BGM_Horror" SFX="-1" />
      <Location Left="-1" Middle="-1" Right="-1" />
      <Effect Fade="-1" Camera="-1" UI="-1" />
      <CharacterEffect LeftEvent="-1" MiddleEvent="-1" RightEvent="-1" />
      <PieceImage PutPicture="-1" />
    </story>
    <story>
      <Text>왜 나는 혼자인 걸 편하다고 생각한 걸까. </Text>
      <Setting Type="0" Speaker="-1" Background="0" BGM="BGM_Horror" SFX="-1" />
      <Location Left="-1" Middle="-1" Right="-1" />
      <Effect Fade="-1" Camera="-1" UI="-1" />
      <CharacterEffect LeftEvent="-1" MiddleEvent="-1" RightEvent="-1" />
      <PieceImage PutPicture="-1" />
    </story>
    <story>
      <Text>사실 외로웠는데. </Text>
      <Setting Type="0" Speaker="-1" Background="0" BGM="BGM_Horror" SFX="-1" />
      <Location Left="-1" Middle="-1" Right="-1" />
      <Effect Fade="-1" Camera="-1" UI="-1" />
      <CharacterEffect LeftEvent="-1" MiddleEvent="-1" RightEvent="-1" />
      <PieceImage PutPicture="-1" />
    </story>
    <story>
      <Text>누군가와 친해지고 싶었는데. </Text>
      <Setting Type="0" Speaker="-1" Background="0" BGM="BGM_Horror" SFX="-1" />
      <Location Left="-1" Middle="-1" Right="-1" />
      <Effect Fade="-1" Camera="-1" UI="-1" />
      <CharacterEffect LeftEvent="-1" MiddleEvent="-1" RightEvent="-1" />
      <PieceImage PutPicture="-1" />
    </story>
    <story>
      <Text>울고 싸운다고 하더라도, 웃고 떠들길 바랐는데.</Text>
      <Setting Type="0" Speaker="-1" Background="0" BGM="BGM_Horror" SFX="-1" />
      <Location Left="-1" Middle="-1" Right="-1" />
      <Effect Fade="-1" Camera="-1" UI="-1" />
      <CharacterEffect LeftEvent="-1" MiddleEvent="-1" RightEvent="-1" />
      <PieceImage PutPicture="-1" />
    </story>
    <story>
      <Text>…만약 내게 한 번만 더 기회가 있다면. </Text>
      <Setting Type="0" Speaker="-1" Background="0" BGM="BGM_Horror" SFX="-1" />
      <Location Left="-1" Middle="-1" Right="-1" />
      <Effect Fade="-1" Camera="-1" UI="-1" />
      <CharacterEffect LeftEvent="-1" MiddleEvent="-1" RightEvent="-1" />
      <PieceImage PutPicture="-1" />
    </story>
    <story>
      <Text>이젠 아무 의미 없는 후회를 마음속에 담으며 </Text>
      <Setting Type="0" Speaker="-1" Background="0" BGM="BGM_Horror" SFX="-1" />
      <Location Left="-1" Middle="-1" Right="-1" />
      <Effect Fade="-1" Camera="-1" UI="-1" />
      <CharacterEffect LeftEvent="-1" MiddleEvent="-1" RightEvent="-1" />
      <PieceImage PutPicture="-1" />
    </story>
    <story>
      <Text>나는 눈을 감았다. </Text>
      <Setting Type="0" Speaker="-1" Background="0" BGM="BGM_Horror" SFX="-1" />
      <Location Left="-1" Middle="-1" Right="-1" />
      <Effect Fade="-1" Camera="-1" UI="-1" />
      <CharacterEffect LeftEvent="-1" MiddleEvent="-1" RightEvent="-1" />
      <PieceImage PutPicture="-1" />
    </story>
    <story>
      <Text>“우와악!?”</Text>
      <Setting Type="0" Speaker="500" Background="2" BGM="-1" SFX="SFX_Dash" />
      <Location Left="-1" Middle="-1" Right="-1" />
      <Effect Fade="-1" Camera="-1" UI="-1" />
      <CharacterEffect LeftEvent="-1" MiddleEvent="-1" RightEvent="-1" />
      <PieceImage PutPicture="-1" />
    </story>
    <story>
      <Text>세상이 뒤집히는 듯한 소리에 놀라 눈을 떴다. </Text>
      <Setting Type="0" Speaker="-1" Background="2" BGM="BGM_BackRun" SFX="-1" />
      <Location Left="-1" Middle="-1" Right="-1" />
      <Effect Fade="-1" Camera="-1" UI="-1" />
      <CharacterEffect LeftEvent="-1" MiddleEvent="-1" RightEvent="-1" />
      <PieceImage PutPicture="-1" />
    </story>
    <story>
      <Text>피어오른 먼지구름. 그 속에 누군가의 실루엣이 보였다. </Text>
      <Setting Type="0" Speaker="-1" Background="2" BGM="BGM_BackRun" SFX="-1" />
      <Location Left="-1" Middle="-1" Right="-1" />
      <Effect Fade="-1" Camera="-1" UI="-1" />
      <CharacterEffect LeftEvent="-1" MiddleEvent="-1" RightEvent="-1" />
      <PieceImage PutPicture="-1" />
    </story>
    <story>
      <Text>“후우….”</Text>
      <Setting Type="0" Speaker="100" Background="2" BGM="BGM_BackRun" SFX="-1" />
      <Location Left="-1" Middle="100_1_101" Right="-1" />
      <Effect Fade="-1" Camera="-1" UI="-1" />
      <CharacterEffect LeftEvent="-1" MiddleEvent="-1" RightEvent="-1" />
      <PieceImage PutPicture="-1" />
    </story>
    <story>
      <Text>학교 계단에서 만났었던 우리 고등학교 여자애. </Text>
      <Setting Type="0" Speaker="-1" Background="2" BGM="BGM_BackRun" SFX="-1" />
      <Location Left="-1" Middle="100_1_102" Right="-1" />
      <Effect Fade="-1" Camera="-1" UI="-1" />
      <CharacterEffect LeftEvent="-1" MiddleEvent="-1" RightEvent="-1" />
      <PieceImage PutPicture="-1" />
    </story>
    <story>
      <Text>그 애가 손에 반짝이는 단검을 들고 괴물을 가로막듯 서 있었다. </Text>
      <Setting Type="0" Speaker="-1" Background="2" BGM="BGM_BackRun" SFX="-1" />
      <Location Left="-1" Middle="100_1_102" Right="-1" />
      <Effect Fade="-1" Camera="-1" UI="-1" />
      <CharacterEffect LeftEvent="-1" MiddleEvent="-1" RightEvent="-1" />
      <PieceImage PutPicture="-1" />
    </story>
    <story>
      <Text>“지금이라도 빨리 밝은 곳으로 도망쳐요. 아직 안 끝났으니까.”</Text>
      <Setting Type="0" Speaker="100" Background="2" BGM="BGM_BackRun" SFX="-1" />
      <Location Left="-1" Middle="100_1_102" Right="-1" />
      <Effect Fade="-1" Camera="-1" UI="-1" />
      <CharacterEffect LeftEvent="-1" MiddleEvent="-1" RightEvent="-1" />
      <PieceImage PutPicture="-1" />
    </story>
    <story>
      <Text>“…저렇게 큰 건 처음 보는데.”</Text>
      <Setting Type="0" Speaker="100" Background="2" BGM="BGM_BackRun" SFX="-1" />
      <Location Left="-1" Middle="100_1_102" Right="-1" />
      <Effect Fade="-1" Camera="-1" UI="-1" />
      <CharacterEffect LeftEvent="-1" MiddleEvent="-1" RightEvent="-1" />
      <PieceImage PutPicture="-1" />
    </story>
    <story>
      <Text>여자애는 혼잣말을 중얼거리곤 괴물을 향해 뛰쳐나간다. 넘어져 있던 괴물도 다시 일어나 달려들었다.</Text>
      <Setting Type="0" Speaker="-1" Background="2" BGM="BGM_BackRun" SFX="-1" />
      <Location Left="-1" Middle="-1" Right="-1" />
      <Effect Fade="-1" Camera="-1" UI="-1" />
      <CharacterEffect LeftEvent="-1" MiddleEvent="-1" RightEvent="-1" />
      <PieceImage PutPicture="-1" />
    </story>
    <story>
      <Text>그 애는 괴물이 휘두른 다리를 가볍게 피하곤, 오히려 그걸 베어냈다. </Text>
      <Setting Type="0" Speaker="-1" Background="2" BGM="BGM_BackRun" SFX="SFX_Stab_a_Knife" />
      <Location Left="-1" Middle="-1" Right="-1" />
      <Effect Fade="-1" Camera="-1" UI="-1" />
      <CharacterEffect LeftEvent="-1" MiddleEvent="-1" RightEvent="-1" />
      <PieceImage PutPicture="-1" />
    </story>
    <story>
      <Text>차례차례 괴물이 다른 다리를 뻗지만, 여자애에게 닿지 않았다. 뻗은 괴물의 다리에만 상처가 계속 새겨졌다. </Text>
      <Setting Type="0" Speaker="-1" Background="2" BGM="BGM_BackRun" SFX="SFX_Stab_a_Knife" />
      <Location Left="-1" Middle="-1" Right="-1" />
      <Effect Fade="-1" Camera="-1" UI="-1" />
      <CharacterEffect LeftEvent="-1" MiddleEvent="-1" RightEvent="-1" />
      <PieceImage PutPicture="-1" />
    </story>
    <story>
      <Text>“----!!!”</Text>
      <Setting Type="0" Speaker="600" Background="2" BGM="BGM_BackRun" SFX="SFX_Screm" />
      <Location Left="-1" Middle="-1" Right="-1" />
      <Effect Fade="-1" Camera="-1" UI="-1" />
      <CharacterEffect LeftEvent="-1" MiddleEvent="-1" RightEvent="-1" />
      <PieceImage PutPicture="-1" />
    </story>
    <story>
      <Text>그렇게 자기 다리가 두 개나 떨어지자, 괴물이 괴성을 질렀다.</Text>
      <Setting Type="0" Speaker="-1" Background="2" BGM="BGM_BackRun" SFX="SFX_Screm" />
      <Location Left="-1" Middle="-1" Right="-1" />
      <Effect Fade="-1" Camera="-1" UI="-1" />
      <CharacterEffect LeftEvent="-1" MiddleEvent="-1" RightEvent="-1" />
      <PieceImage PutPicture="-1" />
    </story>
    <story>
      <Text>여덟 개의 눈동자가 분노로 차오르곤, 남은 팔다리를 미친 듯이 내뻗는다.</Text>
      <Setting Type="0" Speaker="-1" Background="2" BGM="BGM_BackRun" SFX="SFX_Screm" />
      <Location Left="-1" Middle="-1" Right="-1" />
      <Effect Fade="-1" Camera="-1" UI="-1" />
      <CharacterEffect LeftEvent="-1" MiddleEvent="-1" RightEvent="-1" />
      <PieceImage PutPicture="-1" />
    </story>
    <story>
      <Text>“으읏-!!”</Text>
      <Setting Type="0" Speaker="100" Background="2" BGM="BGM_BackRun" SFX="-1" />
      <Location Left="-1" Middle="100_1_102" Right="-1" />
      <Effect Fade="-1" Camera="-1" UI="-1" />
      <CharacterEffect LeftEvent="-1" MiddleEvent="-1" RightEvent="-1" />
      <PieceImage PutPicture="-1" />
    </story>
    <story>
      <Text>여자애가 아까처럼 다리를 끊어냈지만, 괴물은 다리 몇 개가 떨어지는 걸 감수하고 전력으로 달려들었다.</Text>
      <Setting Type="0" Speaker="-1" Background="2" BGM="BGM_BackRun" SFX="-1" />
      <Location Left="-1" Middle="100_1_102" Right="-1" />
      <Effect Fade="-1" Camera="-1" UI="-1" />
      <CharacterEffect LeftEvent="-1" MiddleEvent="-1" RightEvent="-1" />
      <PieceImage PutPicture="-1" />
    </story>
    <story>
      <Text>무차별로 휘두르는 다리에 튕겨 나간 단검이 바닥을 굴렀다. </Text>
      <Setting Type="0" Speaker="-1" Background="2" BGM="BGM_BackRun" SFX="-1" />
      <Location Left="-1" Middle="-1" Right="-1" />
      <Effect Fade="-1" Camera="-1" UI="-1" />
      <CharacterEffect LeftEvent="-1" MiddleEvent="-1" RightEvent="-1" />
      <PieceImage PutPicture="-1" />
    </story>
    <story>
      <Text>바닥과 부딪힌 칼날은 더 쓸 수 없을 정도로 조각났다. </Text>
      <Setting Type="0" Speaker="-1" Background="2" BGM="BGM_BackRun" SFX="SFX_LightBreak" />
      <Location Left="-1" Middle="-1" Right="-1" />
      <Effect Fade="-1" Camera="-1" UI="-1" />
      <CharacterEffect LeftEvent="-1" MiddleEvent="-1" RightEvent="-1" />
      <PieceImage PutPicture="-1" />
    </story>
    <story>
      <Text>“----”</Text>
      <Setting Type="0" Speaker="600" Background="2" BGM="BGM_BackRun" SFX="-1" />
      <Location Left="-1" Middle="-1" Right="-1" />
      <Effect Fade="-1" Camera="-1" UI="-1" />
      <CharacterEffect LeftEvent="-1" MiddleEvent="-1" RightEvent="-1" />
      <PieceImage PutPicture="-1" />
    </story>
    <story>
      <Text>괴물이 망가진 단검을 멀리 차버린다. 그리곤 웃으며 여자애에게 다가간다. 더 저항할 수단이 없는 걸 알아차린 듯이. </Text>
      <Setting Type="0" Speaker="-1" Background="2" BGM="BGM_BackRun" SFX="-1" />
      <Location Left="-1" Middle="-1" Right="-1" />
      <Effect Fade="-1" Camera="-1" UI="-1" />
      <CharacterEffect LeftEvent="-1" MiddleEvent="-1" RightEvent="-1" />
      <PieceImage PutPicture="-1" />
    </story>
    <story>
      <Text>여자애는 주춤주춤 물러나더니, 멀리 떨어져 있는 날 바라봤다.</Text>
      <Setting Type="0" Speaker="-1" Background="2" BGM="BGM_BackRun" SFX="-1" />
      <Location Left="-1" Middle="100_1_103" Right="-1" />
      <Effect Fade="-1" Camera="-1" UI="-1" />
      <CharacterEffect LeftEvent="-1" MiddleEvent="-1" RightEvent="-1" />
      <PieceImage PutPicture="-1" />
    </story>
    <story>
      <Text>도망가.</Text>
      <Setting Type="0" Speaker="-1" Background="2" BGM="BGM_BackRun" SFX="-1" />
      <Location Left="-1" Middle="100_1_103" Right="-1" />
      <Effect Fade="-1" Camera="-1" UI="-1" />
      <CharacterEffect LeftEvent="-1" MiddleEvent="-1" RightEvent="-1" />
      <PieceImage PutPicture="-1" />
    </story>
    <story>
      <Text>여자애는 눈으로 그렇게 말하고 있었다. 자기 앞에 있는 괴물이 천천히 다가오고 있는데도.</Text>
      <Setting Type="0" Speaker="-1" Background="2" BGM="BGM_BackRun" SFX="-1" />
      <Location Left="-1" Middle="100_1_103" Right="-1" />
      <Effect Fade="-1" Camera="-1" UI="-1" />
      <CharacterEffect LeftEvent="-1" MiddleEvent="-1" RightEvent="-1" />
      <PieceImage PutPicture="-1" />
    </story>
    <story>
      <Text>후들거리는 다리로 간신히 일어났다. 괴물은 여자애에게 집중하느라 나는 아예 관심 밖에 있다.</Text>
      <Setting Type="0" Speaker="-1" Background="2" BGM="BGM_BackRun" SFX="-1" />
      <Location Left="-1" Middle="100_1_103" Right="-1" />
      <Effect Fade="-1" Camera="-1" UI="-1" />
      <CharacterEffect LeftEvent="-1" MiddleEvent="-1" RightEvent="-1" />
      <PieceImage PutPicture="-1" />
    </story>
    <story>
      <Text>도망가면 돼. 저 애도 처음부터 나보고 도망치라 했잖아. 머릿속 한구석에서 본능이 외친다.</Text>
      <Setting Type="0" Speaker="-1" Background="2" BGM="BGM_BackRun" SFX="-1" />
      <Location Left="-1" Middle="-1" Right="-1" />
      <Effect Fade="-1" Camera="-1" UI="-1" />
      <CharacterEffect LeftEvent="-1" MiddleEvent="-1" RightEvent="-1" />
      <PieceImage PutPicture="-1" />
    </story>
    <story>
      <Text>괴물의 주의를 끌지 않게 조용히 한 발짝씩 걸음을 떼자, 충분히 거리가 벌어졌다.</Text>
      <Setting Type="0" Speaker="-1" Background="2" BGM="BGM_BackRun" SFX="-1" />
      <Location Left="-1" Middle="-1" Right="-1" />
      <Effect Fade="-1" Camera="-1" UI="-1" />
      <CharacterEffect LeftEvent="-1" MiddleEvent="-1" RightEvent="-1" />
      <PieceImage PutPicture="-1" />
    </story>
    <story>
      <Text>지금이다.</Text>
      <Setting Type="0" Speaker="-1" Background="2" BGM="BGM_BackRun" SFX="-1" />
      <Location Left="-1" Middle="-1" Right="-1" />
      <Effect Fade="-1" Camera="-1" UI="-1" />
      <CharacterEffect LeftEvent="-1" MiddleEvent="-1" RightEvent="-1" />
      <PieceImage PutPicture="-1" />
    </story>
    <story>
      <Text>나는 뒤를 생각하지 않고 달렸다.</Text>
      <Setting Type="0" Speaker="-1" Background="2" BGM="BGM_BackRun" SFX="-1" />
      <Location Left="-1" Middle="-1" Right="-1" />
      <Effect Fade="-1" Camera="-1" UI="-1" />
      <CharacterEffect LeftEvent="-1" MiddleEvent="-1" RightEvent="-1" />
      <PieceImage PutPicture="-1" />
    </story>
    <story>
      <Text>알고 있다. 이대로 도망치면 저 괴물한테서 벗어날 수 있는걸. </Text>
      <Setting Type="0" Speaker="-1" Background="2" BGM="BGM_BackRun" SFX="-1" />
      <Location Left="-1" Middle="-1" Right="-1" />
      <Effect Fade="-1" Camera="-1" UI="-1" />
      <CharacterEffect LeftEvent="-1" MiddleEvent="-1" RightEvent="-1" />
      <PieceImage PutPicture="-1" />
    </story>
    <story>
      <Text>여자애도 도망치라고 말했으니, 양심에 찔릴 것도 없다.</Text>
      <Setting Type="0" Speaker="-1" Background="2" BGM="BGM_BackRun" SFX="-1" />
      <Location Left="-1" Middle="-1" Right="-1" />
      <Effect Fade="-1" Camera="-1" UI="-1" />
      <CharacterEffect LeftEvent="-1" MiddleEvent="-1" RightEvent="-1" />
      <PieceImage PutPicture="-1" />
    </story>
    <story>
      <Text>…하지만 후회하겠지. </Text>
      <Setting Type="0" Speaker="-1" Background="2" BGM="BGM_BackRun" SFX="-1" />
      <Location Left="-1" Middle="-1" Right="-1" />
      <Effect Fade="-1" Camera="-1" UI="-1" />
      <CharacterEffect LeftEvent="-1" MiddleEvent="-1" RightEvent="-1" />
      <PieceImage PutPicture="-1" />
    </story>
    <story>
      <Text>도망친다는 편한 선택을 고른 나를, 분명히 언젠가 원망하게 될 거다. </Text>
      <Setting Type="0" Speaker="-1" Background="2" BGM="BGM_BackRun" SFX="-1" />
      <Location Left="-1" Middle="-1" Right="-1" />
      <Effect Fade="-1" Camera="-1" UI="-1" />
      <CharacterEffect LeftEvent="-1" MiddleEvent="-1" RightEvent="-1" />
      <PieceImage PutPicture="-1" />
    </story>
    <story>
      <Text>아까 그 순간처럼. </Text>
      <Setting Type="0" Speaker="-1" Background="2" BGM="BGM_BackRun" SFX="-1" />
      <Location Left="-1" Middle="-1" Right="-1" />
      <Effect Fade="-1" Camera="-1" UI="-1" />
      <CharacterEffect LeftEvent="-1" MiddleEvent="-1" RightEvent="-1" />
      <PieceImage PutPicture="-1" />
    </story>
    <story>
      <Text>더는 후회하고 싶지 않다. 그걸 깨달은 지금부터라도 그렇게 살고 싶지 않았다.</Text>
      <Setting Type="0" Speaker="-1" Background="2" BGM="BGM_BackRun" SFX="-1" />
      <Location Left="-1" Middle="-1" Right="-1" />
      <Effect Fade="-1" Camera="-1" UI="-1" />
      <CharacterEffect LeftEvent="-1" MiddleEvent="-1" RightEvent="-1" />
      <PieceImage PutPicture="-1" />
    </story>
    <story>
      <Text>그러니까 지금은 내 마음이 시키는 대로. </Text>
      <Setting Type="0" Speaker="-1" Background="2" BGM="BGM_BackRun" SFX="-1" />
      <Location Left="-1" Middle="-1" Right="-1" />
      <Effect Fade="-1" Camera="-1" UI="-1" />
      <CharacterEffect LeftEvent="-1" MiddleEvent="-1" RightEvent="-1" />
      <PieceImage PutPicture="-1" />
    </story>
    <story>
      <Text>바닥에 떨어져 있는 단검을 주웠다. </Text>
      <Setting Type="0" Speaker="-1" Background="2" BGM="BGM_BackRun" SFX="-1" />
      <Location Left="-1" Middle="-1" Right="-1" />
      <Effect Fade="-1" Camera="-1" UI="-1" />
      <CharacterEffect LeftEvent="-1" MiddleEvent="-1" RightEvent="-1" />
      <PieceImage PutPicture="-1" />
    </story>
    <story>
      <Text>이가 나간 단검을, 언제부터인지 내 손에 끼워져 있는 장갑으로 꼭 쥐었다. </Text>
      <Setting Type="0" Speaker="-1" Background="2" BGM="BGM_BackRun" SFX="-1" />
      <Location Left="-1" Middle="-1" Right="-1" />
      <Effect Fade="-1" Camera="-1" UI="-1" />
      <CharacterEffect LeftEvent="-1" MiddleEvent="-1" RightEvent="-1" />
      <PieceImage PutPicture="-1" />
    </story>
    <story>
      <Text>아주 자그마한 빛이 대답하듯 손에서 반짝인다.</Text>
      <Setting Type="0" Speaker="-1" Background="2" BGM="BGM_BackRun" SFX="-1" />
      <Location Left="-1" Middle="-1" Right="-1" />
      <Effect Fade="-1" Camera="-1" UI="-1" />
      <CharacterEffect LeftEvent="-1" MiddleEvent="-1" RightEvent="-1" />
      <PieceImage PutPicture="-1" />
    </story>
    <story>
      <Text>바닥에 떨어진 칼날 조각들이 천천히 단검으로 다가온다. </Text>
      <Setting Type="0" Speaker="-1" Background="2" BGM="BGM_BackRun" SFX="-1" />
      <Location Left="-1" Middle="-1" Right="-1" />
      <Effect Fade="-1" Camera="-1" UI="-1" />
      <CharacterEffect LeftEvent="-1" MiddleEvent="-1" RightEvent="-1" />
      <PieceImage PutPicture="-1" />
    </story>
    <story>
      <Text>퍼즐을 맞추듯 천천히 칼날을 완성해 간다. </Text>
      <Setting Type="0" Speaker="-1" Background="2" BGM="BGM_BackRun" SFX="-1" />
      <Location Left="-1" Middle="-1" Right="-1" />
      <Effect Fade="-1" Camera="-1" UI="-1" />
      <CharacterEffect LeftEvent="-1" MiddleEvent="-1" RightEvent="-1" />
      <PieceImage PutPicture="-1" />
    </story>
    <story>
      <Text>“받아!!” </Text>
      <Setting Type="0" Speaker="500" Background="2" BGM="BGM_BackRun" SFX="SFX_Jump" />
      <Location Left="-1" Middle="-1" Right="-1" />
      <Effect Fade="-1" Camera="-1" UI="-1" />
      <CharacterEffect LeftEvent="-1" MiddleEvent="-1" RightEvent="-1" />
      <PieceImage PutPicture="-1" />
    </story>
    <story>
      <Text>괴물이 내가 낸 소리에 이쪽을 돌아볼 때, 단검은 포물선을 그리며 여자애에게 날아갔다. </Text>
      <Setting Type="0" Speaker="-1" Background="2" BGM="BGM_BackRun" SFX="-1" />
      <Location Left="-1" Middle="100_1_102" Right="-1" />
      <Effect Fade="-1" Camera="-1" UI="-1" />
      <CharacterEffect LeftEvent="-1" MiddleEvent="-1" RightEvent="-1" />
      <PieceImage PutPicture="-1" />
    </story>
    <story>
      <Text>내가 만든 아주 잠깐의 틈. 그 사이 여자애가 움직였다.</Text>
      <Setting Type="0" Speaker="-1" Background="2" BGM="BGM_BackRun" SFX="-1" />
      <Location Left="-1" Middle="100_1_102" Right="-1" />
      <Effect Fade="-1" Camera="-1" UI="-1" />
      <CharacterEffect LeftEvent="-1" MiddleEvent="-1" RightEvent="-1" />
      <PieceImage PutPicture="-1" />
    </story>
    <story>
      <Text>공중에서 단검을 붙잡고, 괴물을 향해 솟구치듯 팔을 내지른다.</Text>
      <Setting Type="0" Speaker="-1" Background="2" BGM="BGM_BackRun" SFX="-1" />
      <Location Left="-1" Middle="100_1_102" Right="-1" />
      <Effect Fade="-1" Camera="-1" UI="-1" />
      <CharacterEffect LeftEvent="-1" MiddleEvent="-1" RightEvent="-1" />
      <PieceImage PutPicture="-1" />
    </story>
    <story>
      <Text>“----!!!!”</Text>
      <Setting Type="0" Speaker="600" Background="2" BGM="-1" SFX="SFX_Screm" />
      <Location Left="-1" Middle="-1" Right="-1" />
      <Effect Fade="-1" Camera="-1" UI="-1" />
      <CharacterEffect LeftEvent="-1" MiddleEvent="-1" RightEvent="-1" />
      <PieceImage PutPicture="-1" />
    </story>
    <story>
      <Text>괴물이 이마에 박힌 단검을 빼내려고 다리를 파닥인다. 하지만 깊이 박힌 단검은 빠지지 않았다.</Text>
      <Setting Type="0" Speaker="-1" Background="2" BGM="-1" SFX="SFX_Screm" />
      <Location Left="-1" Middle="-1" Right="-1" />
      <Effect Fade="-1" Camera="-1" UI="-1" />
      <CharacterEffect LeftEvent="-1" MiddleEvent="-1" RightEvent="-1" />
      <PieceImage PutPicture="-1" />
    </story>
    <story>
      <Text>마지막까지 바둥거리던 괴물의 다리가 결국 힘없이 축 늘어졌다. 그리곤 괴물은 조각조각 나뉘더니 흔적도 없이 사라졌다. </Text>
      <Setting Type="0" Speaker="-1" Background="2" BGM="-1" SFX="SFX_Screm" />
      <Location Left="-1" Middle="-1" Right="-1" />
      <Effect Fade="-1" Camera="505" UI="-1" />
      <CharacterEffect LeftEvent="-1" MiddleEvent="-1" RightEvent="-1" />
      <PieceImage PutPicture="-1" />
    </story>
    <story>
      <Text>“하아아아….”</Text>
      <Setting Type="0" Speaker="500" Background="2" BGM="-1" SFX="-1" />
      <Location Left="-1" Middle="-1" Right="-1" />
      <Effect Fade="-1" Camera="-1" UI="-1" />
      <CharacterEffect LeftEvent="-1" MiddleEvent="-1" RightEvent="-1" />
      <PieceImage PutPicture="-1" />
    </story>
    <story>
      <Text>긴장이 풀리자, 나도 모르게 바닥에 주저앉았다. </Text>
      <Setting Type="0" Speaker="-1" Background="2" BGM="-1" SFX="-1" />
      <Location Left="-1" Middle="-1" Right="-1" />
      <Effect Fade="-1" Camera="-1" UI="-1" />
      <CharacterEffect LeftEvent="-1" MiddleEvent="-1" RightEvent="-1" />
      <PieceImage PutPicture="-1" />
    </story>
    <story>
      <Text>여자애는 그런 나를 보고는 살짝 웃고는 다가왔다. </Text>
      <Setting Type="0" Speaker="-1" Background="2" BGM="-1" SFX="-1" />
      <Location Left="-1" Middle="100_1_112" Right="-1" />
      <Effect Fade="-1" Camera="-1" UI="-1" />
      <CharacterEffect LeftEvent="-1" MiddleEvent="-1" RightEvent="-1" />
      <PieceImage PutPicture="-1" />
    </story>
    <story>
      <Text>일어나라는 듯이 여자애가 내게로 손을 내밀었다. </Text>
      <Setting Type="0" Speaker="-1" Background="2" BGM="-1" SFX="-1" />
      <Location Left="-1" Middle="100_1_112" Right="-1" />
      <Effect Fade="-1" Camera="-1" UI="-1" />
      <CharacterEffect LeftEvent="-1" MiddleEvent="-1" RightEvent="-1" />
      <PieceImage PutPicture="-1" />
    </story>
    <story>
      <Text>그걸 잡으려고 나도 손을 뻗자, </Text>
      <Setting Type="0" Speaker="-1" Background="2" BGM="-1" SFX="-1" />
      <Location Left="-1" Middle="100_1_112" Right="-1" />
      <Effect Fade="-1" Camera="-1" UI="-1" />
      <CharacterEffect LeftEvent="-1" MiddleEvent="-1" RightEvent="-1" />
      <PieceImage PutPicture="-1" />
    </story>
    <story>
      <Text>“내가 말했죠? 돌아갈 때 밝은 길로 가라고요.”</Text>
      <Setting Type="0" Speaker="100" Background="2" BGM="-1" SFX="-1" />
      <Location Left="-1" Middle="100_1_106" Right="-1" />
      <Effect Fade="-1" Camera="-1" UI="-1" />
      <CharacterEffect LeftEvent="-1" MiddleEvent="-1" RightEvent="-1" />
      <PieceImage PutPicture="-1" />
    </story>
    <story>
      <Text>여자애는 손을 피하곤 내 이마를 손가락으로 때렸다.</Text>
      <Setting Type="0" Speaker="-1" Background="2" BGM="-1" SFX="-1" />
      <Location Left="-1" Middle="100_1_106" Right="-1" />
      <Effect Fade="-1" Camera="-1" UI="-1" />
      <CharacterEffect LeftEvent="-1" MiddleEvent="-1" RightEvent="-1" />
      <PieceImage PutPicture="-1" />
    </story>
    <story>
      <Text>“제 말 안 들었으니까, 벌이에요.” </Text>
      <Setting Type="0" Speaker="100" Background="2" BGM="-1" SFX="-1" />
      <Location Left="-1" Middle="100_1_106" Right="-1" />
      <Effect Fade="-1" Camera="-1" UI="-1" />
      <CharacterEffect LeftEvent="-1" MiddleEvent="-1" RightEvent="-1" />
      <PieceImage PutPicture="-1" />
    </story>
    <story>
      <Text>“음. 근데 선배도 저 도와줬으니까, 이걸로 퉁 치는 걸로 할까요?” </Text>
      <Setting Type="0" Speaker="100" Background="2" BGM="-1" SFX="-1" />
      <Location Left="-1" Middle="100_1_106" Right="-1" />
      <Effect Fade="-1" Camera="-1" UI="-1" />
      <CharacterEffect LeftEvent="-1" MiddleEvent="-1" RightEvent="-1" />
      <PieceImage PutPicture="-1" />
    </story>
    <story>
      <Text>허망하게 머물러 있는 내 손을, 여자애가 장난스럽게 웃으며 붙잡았다. </Text>
      <Setting Type="0" Speaker="-1" Background="2" BGM="-1" SFX="-1" />
      <Location Left="-1" Middle="100_1_106" Right="-1" />
      <Effect Fade="-1" Camera="-1" UI="-1" />
      <CharacterEffect LeftEvent="-1" MiddleEvent="-1" RightEvent="-1" />
      <PieceImage PutPicture="-1" />
    </story>
    <story>
      <Text>“같은 학교 1학년인 채아람이에요.”</Text>
      <Setting Type="0" Speaker="100" Background="2" BGM="-1" SFX="-1" />
      <Location Left="-1" Middle="100_1_101" Right="-1" />
      <Effect Fade="-1" Camera="507" UI="-1" />
      <CharacterEffect LeftEvent="-1" MiddleEvent="-1" RightEvent="-1" />
      <PieceImage PutPicture="-1" />
    </story>
    <story>
      <Text>“앞으로 잘 부탁해요. 선배.”</Text>
      <Setting Type="0" Speaker="100" Background="2" BGM="-1" SFX="-1" />
      <Location Left="-1" Middle="100_1_112" Right="-1" />
      <Effect Fade="-1" Camera="-1" UI="-1" />
      <CharacterEffect LeftEvent="-1" MiddleEvent="-1" RightEvent="-1" />
      <PieceImage PutPicture="-1" />
    </story>
    <story>
      <Text>12월, 어느 겨울의 밤. </Text>
      <Setting Type="0" Speaker="-1" Background="2" BGM="-1" SFX="-1" />
      <Location Left="-1" Middle="-1" Right="-1" />
      <Effect Fade="-1" Camera="-1" UI="-1" />
      <CharacterEffect LeftEvent="-1" MiddleEvent="-1" RightEvent="-1" />
      <PieceImage PutPicture="-1" />
    </story>
    <story>
      <Text>그렇게 내 삶은 바뀌기 시작했다.</Text>
      <Setting Type="0" Speaker="-1" Background="2" BGM="-1" SFX="-1" />
      <Location Left="-1" Middle="-1" Right="-1" />
      <Effect Fade="-1" Camera="-1" UI="-1" />
      <CharacterEffect LeftEvent="-1" MiddleEvent="-1" RightEvent="-1" />
      <PieceImage PutPicture="-1" />
    </story>
  </u_story_1>
</Dialogue_1>