﻿<?xml version="1.0" encoding="utf-8" standalone="yes"?>
<u_story_1>
  <story>
    <Text>asdfasgasdf</Text>
    <Setting Type="x" Speaker="x" Background="x" BGM="x" SFX="x" />
    <Event LeftCharacterEvent="x" MiddleCharacterEvent="x" RightCharacterEvent="x" />
    <Effect FadeEffect="x" CameraEffect="x" UIEffect="x" CharacterEffect="x" PutPicture="x" />
  </story>
  <story>
    <Text>asdgasdf</Text>
    <Setting Type="x" Speaker="x" Background="x" BGM="x" SFX="x" />
    <Event LeftCharacterEvent="x" MiddleCharacterEvent="x" RightCharacterEvent="x" />
    <Effect FadeEffect="x" CameraEffect="x" UIEffect="x" CharacterEffect="x" PutPicture="x" />
  </story>
  <story>
    <Text>x</Text>
    <Setting Type="x" Speaker="x" Background="x" BGM="x" SFX="x" />
    <Event LeftCharacterEvent="x" MiddleCharacterEvent="x" RightCharacterEvent="x" />
    <Effect FadeEffect="x" CameraEffect="x" UIEffect="x" CharacterEffect="x" PutPicture="x" />
  </story>
</u_story_1>