{
  "Item": [
    {
      "ID": 1001,
      "Type": 0,
      "EffectID": 1001,
      "Presentable": 1,
      "Material1ID": 4003,
      "Count1": 1,
      "Material2ID": 4003,
      "Count2": 1,
      "Material3ID": 4003,
      "Count3": 0,
      "Material4ID": 4003,
      "Count4": 0,
      "Material5ID": 4003,
      "Count5": 0,
      "Information": "info_item_1001"
    },
    {
      "ID": 1002,
      "Type": 0,
      "EffectID": 1002,
      "Presentable": 1,
      "Material1ID": 4003,
      "Count1": 1,
      "Material2ID": 4003,
      "Count2": 1,
      "Material3ID": 4003,
      "Count3": 0,
      "Material4ID": 4003,
      "Count4": 0,
      "Material5ID": 4003,
      "Count5": 0,
      "Information": "info_item_1002"
    },
    {
      "ID": 1003,
      "Type": 0,
      "EffectID": 1003,
      "Presentable": 1,
      "Material1ID": 4003,
      "Count1": 1,
      "Material2ID": 4003,
      "Count2": 1,
      "Material3ID": 4003,
      "Count3": 0,
      "Material4ID": 4003,
      "Count4": 0,
      "Material5ID": 4003,
      "Count5": 0,
      "Information": "info_item_1003"
    },
    {
      "ID": 1004,
      "Type": 0,
      "EffectID": 1004,
      "Presentable": 1,
      "Material1ID": 4003,
      "Count1": 1,
      "Material2ID": 4003,
      "Count2": 1,
      "Material3ID": 4003,
      "Count3": 0,
      "Material4ID": 4003,
      "Count4": 0,
      "Material5ID": 4003,
      "Count5": 0,
      "Information": "info_item_1004"
    },
    {
      "ID": 1005,
      "Type": 0,
      "EffectID": 1005,
      "Presentable": 2,
      "Material1ID": 4003,
      "Count1": 1,
      "Material2ID": 4003,
      "Count2": 1,
      "Material3ID": 4003,
      "Count3": 0,
      "Material4ID": 4003,
      "Count4": 0,
      "Material5ID": 4003,
      "Count5": 0,
      "Information": "info_item_1005"
    },
    {
      "ID": 1006,
      "Type": 0,
      "EffectID": 1006,
      "Presentable": 2,
      "Material1ID": 4003,
      "Count1": 1,
      "Material2ID": 4003,
      "Count2": 1,
      "Material3ID": 4003,
      "Count3": 0,
      "Material4ID": 4003,
      "Count4": 0,
      "Material5ID": 4003,
      "Count5": 0,
      "Information": "info_item_1006"
    },
    {
      "ID": 1007,
      "Type": 0,
      "EffectID": 1007,
      "Presentable": 2,
      "Material1ID": 4003,
      "Count1": 1,
      "Material2ID": 4003,
      "Count2": 1,
      "Material3ID": 4003,
      "Count3": 0,
      "Material4ID": 4003,
      "Count4": 0,
      "Material5ID": 4003,
      "Count5": 0,
      "Information": "info_item_1007"
    },
    {
      "ID": 1008,
      "Type": 0,
      "EffectID": 1008,
      "Presentable": 2,
      "Material1ID": 4003,
      "Count1": 1,
      "Material2ID": 4003,
      "Count2": 1,
      "Material3ID": 4003,
      "Count3": 0,
      "Material4ID": 4003,
      "Count4": 0,
      "Material5ID": 4003,
      "Count5": 0,
      "Information": "info_item_1008"
    },
    {
      "ID": 1009,
      "Type": 0,
      "EffectID": 1009,
      "Presentable": 2,
      "Material1ID": 4003,
      "Count1": 1,
      "Material2ID": 4003,
      "Count2": 1,
      "Material3ID": 4003,
      "Count3": 0,
      "Material4ID": 4003,
      "Count4": 0,
      "Material5ID": 4003,
      "Count5": 0,
      "Information": "info_item_1009"
    },
    {
      "ID": 1010,
      "Type": 0,
      "EffectID": 1010,
      "Presentable": 2,
      "Material1ID": 4003,
      "Count1": 1,
      "Material2ID": 4003,
      "Count2": 1,
      "Material3ID": 4003,
      "Count3": 0,
      "Material4ID": 4003,
      "Count4": 0,
      "Material5ID": 4003,
      "Count5": 0,
      "Information": "info_item_1010"
    },
    {
      "ID": 1011,
      "Type": 0,
      "EffectID": 1011,
      "Presentable": 3,
      "Material1ID": 4003,
      "Count1": 1,
      "Material2ID": 4003,
      "Count2": 1,
      "Material3ID": 4003,
      "Count3": 0,
      "Material4ID": 4003,
      "Count4": 0,
      "Material5ID": 4003,
      "Count5": 0,
      "Information": "info_item_1011"
    },
    {
      "ID": 1012,
      "Type": 0,
      "EffectID": 1012,
      "Presentable": 3,
      "Material1ID": 4003,
      "Count1": 1,
      "Material2ID": 4003,
      "Count2": 1,
      "Material3ID": 4003,
      "Count3": 0,
      "Material4ID": 4003,
      "Count4": 0,
      "Material5ID": 4003,
      "Count5": 0,
      "Information": "info_item_1012"
    },
    {
      "ID": 1013,
      "Type": 0,
      "EffectID": 1013,
      "Presentable": 3,
      "Material1ID": 4003,
      "Count1": 1,
      "Material2ID": 4003,
      "Count2": 1,
      "Material3ID": 4003,
      "Count3": 0,
      "Material4ID": 4003,
      "Count4": 0,
      "Material5ID": 4003,
      "Count5": 0,
      "Information": "info_item_1013"
    },
    {
      "ID": 1014,
      "Type": 0,
      "EffectID": 1014,
      "Presentable": 3,
      "Material1ID": 4003,
      "Count1": 1,
      "Material2ID": 4003,
      "Count2": 1,
      "Material3ID": 4003,
      "Count3": 0,
      "Material4ID": 4003,
      "Count4": 0,
      "Material5ID": 4003,
      "Count5": 0,
      "Information": "info_item_1014"
    },
    {
      "ID": 1015,
      "Type": 0,
      "EffectID": 1015,
      "Presentable": 3,
      "Material1ID": 4003,
      "Count1": 1,
      "Material2ID": 4003,
      "Count2": 1,
      "Material3ID": 4003,
      "Count3": 0,
      "Material4ID": 4003,
      "Count4": 0,
      "Material5ID": 4003,
      "Count5": 0,
      "Information": "info_item_1015"
    },
    {
      "ID": 2001,
      "Type": 1,
      "EffectID": 2001,
      "Presentable": 0,
      "Material1ID": 4003,
      "Count1": 1,
      "Material2ID": 4003,
      "Count2": 1,
      "Material3ID": 4003,
      "Count3": 0,
      "Material4ID": 4003,
      "Count4": 0,
      "Material5ID": 4003,
      "Count5": 0,
      "Information": "info_item_2001"
    },
    {
      "ID": 2002,
      "Type": 1,
      "EffectID": 2002,
      "Presentable": 0,
      "Material1ID": 4003,
      "Count1": 1,
      "Material2ID": 4003,
      "Count2": 1,
      "Material3ID": 4003,
      "Count3": 0,
      "Material4ID": 4003,
      "Count4": 0,
      "Material5ID": 4003,
      "Count5": 0,
      "Information": "info_item_2002"
    },
    {
      "ID": 2003,
      "Type": 1,
      "EffectID": 2003,
      "Presentable": 0,
      "Material1ID": 4003,
      "Count1": 1,
      "Material2ID": 4003,
      "Count2": 1,
      "Material3ID": 4003,
      "Count3": 0,
      "Material4ID": 4003,
      "Count4": 0,
      "Material5ID": 4003,
      "Count5": 0,
      "Information": "info_item_2003"
    },
    {
      "ID": 2004,
      "Type": 1,
      "EffectID": 2004,
      "Presentable": 0,
      "Material1ID": 4003,
      "Count1": 1,
      "Material2ID": 4003,
      "Count2": 1,
      "Material3ID": 4003,
      "Count3": 0,
      "Material4ID": 4003,
      "Count4": 0,
      "Material5ID": 4003,
      "Count5": 0,
      "Information": "info_item_2004"
    },
    {
      "ID": 2005,
      "Type": 1,
      "EffectID": 2005,
      "Presentable": 0,
      "Material1ID": 4003,
      "Count1": 1,
      "Material2ID": 4003,
      "Count2": 1,
      "Material3ID": 4003,
      "Count3": 0,
      "Material4ID": 4003,
      "Count4": 0,
      "Material5ID": 4003,
      "Count5": 0,
      "Information": "info_item_2005"
    },
    {
      "ID": 2006,
      "Type": 1,
      "EffectID": 2006,
      "Presentable": 0,
      "Material1ID": 4003,
      "Count1": 1,
      "Material2ID": 4003,
      "Count2": 1,
      "Material3ID": 4003,
      "Count3": 0,
      "Material4ID": 4003,
      "Count4": 0,
      "Material5ID": 4003,
      "Count5": 0,
      "Information": "info_item_2006"
    },
    {
      "ID": 2007,
      "Type": 1,
      "EffectID": 0,
      "Presentable": 0,
      "Material1ID": 4003,
      "Count1": 1,
      "Material2ID": 4003,
      "Count2": 1,
      "Material3ID": 4003,
      "Count3": 0,
      "Material4ID": 4003,
      "Count4": 0,
      "Material5ID": 4003,
      "Count5": 0,
      "Information": "info_item_2007"
    },
    {
      "ID": 2008,
      "Type": 1,
      "EffectID": 0,
      "Presentable": 0,
      "Material1ID": 4003,
      "Count1": 1,
      "Material2ID": 4003,
      "Count2": 1,
      "Material3ID": 4003,
      "Count3": 0,
      "Material4ID": 4003,
      "Count4": 0,
      "Material5ID": 4003,
      "Count5": 0,
      "Information": "info_item_2008"
    },
    {
      "ID": 2009,
      "Type": 1,
      "EffectID": 0,
      "Presentable": 0,
      "Material1ID": 4003,
      "Count1": 1,
      "Material2ID": 4003,
      "Count2": 1,
      "Material3ID": 4003,
      "Count3": 0,
      "Material4ID": 4003,
      "Count4": 0,
      "Material5ID": 4003,
      "Count5": 0,
      "Information": "info_item_2009"
    },
    {
      "ID": 2010,
      "Type": 1,
      "EffectID": 0,
      "Presentable": 0,
      "Material1ID": 4003,
      "Count1": 1,
      "Material2ID": 4003,
      "Count2": 1,
      "Material3ID": 4003,
      "Count3": 0,
      "Material4ID": 4003,
      "Count4": 0,
      "Material5ID": 4003,
      "Count5": 0,
      "Information": "info_item_2010"
    },
    {
      "ID": 2011,
      "Type": 1,
      "EffectID": 0,
      "Presentable": 0,
      "Material1ID": 4003,
      "Count1": 1,
      "Material2ID": 4003,
      "Count2": 1,
      "Material3ID": 4003,
      "Count3": 0,
      "Material4ID": 4003,
      "Count4": 0,
      "Material5ID": 4003,
      "Count5": 0,
      "Information": "info_item_2011"
    },
    {
      "ID": 2012,
      "Type": 1,
      "EffectID": 0,
      "Presentable": 0,
      "Material1ID": 4003,
      "Count1": 1,
      "Material2ID": 4003,
      "Count2": 1,
      "Material3ID": 4003,
      "Count3": 0,
      "Material4ID": 4003,
      "Count4": 0,
      "Material5ID": 4003,
      "Count5": 0,
      "Information": "info_item_2012"
    },
    {
      "ID": 2013,
      "Type": 1,
      "EffectID": 0,
      "Presentable": 0,
      "Material1ID": 4003,
      "Count1": 1,
      "Material2ID": 4003,
      "Count2": 1,
      "Material3ID": 4003,
      "Count3": 0,
      "Material4ID": 4003,
      "Count4": 0,
      "Material5ID": 4003,
      "Count5": 0,
      "Information": "info_item_2013"
    },
    {
      "ID": 2014,
      "Type": 1,
      "EffectID": 0,
      "Presentable": 0,
      "Material1ID": 4003,
      "Count1": 1,
      "Material2ID": 4003,
      "Count2": 1,
      "Material3ID": 4003,
      "Count3": 0,
      "Material4ID": 4003,
      "Count4": 0,
      "Material5ID": 4003,
      "Count5": 0,
      "Information": "info_item_2014"
    },
    {
      "ID": 2015,
      "Type": 1,
      "EffectID": 0,
      "Presentable": 0,
      "Material1ID": 4003,
      "Count1": 1,
      "Material2ID": 4003,
      "Count2": 1,
      "Material3ID": 4003,
      "Count3": 0,
      "Material4ID": 4003,
      "Count4": 0,
      "Material5ID": 4003,
      "Count5": 0,
      "Information": "info_item_2015"
    },
    {
      "ID": 6001,
      "Type": 0,
      "EffectID": 0,
      "Presentable": 4,
      "Material1ID": 4003,
      "Count1": 1,
      "Material2ID": 4003,
      "Count2": 1,
      "Material3ID": 4003,
      "Count3": 0,
      "Material4ID": 4003,
      "Count4": 0,
      "Material5ID": 4003,
      "Count5": 0,
      "Information": "info_item_6001"
    },
    {
      "ID": 6002,
      "Type": 0,
      "EffectID": 0,
      "Presentable": 4,
      "Material1ID": 4003,
      "Count1": 1,
      "Material2ID": 4003,
      "Count2": 1,
      "Material3ID": 4003,
      "Count3": 0,
      "Material4ID": 4003,
      "Count4": 0,
      "Material5ID": 4003,
      "Count5": 0,
      "Information": "info_item_6002"
    },
    {
      "ID": 6003,
      "Type": 0,
      "EffectID": 0,
      "Presentable": 4,
      "Material1ID": 4003,
      "Count1": 1,
      "Material2ID": 4003,
      "Count2": 1,
      "Material3ID": 4003,
      "Count3": 0,
      "Material4ID": 4003,
      "Count4": 0,
      "Material5ID": 4003,
      "Count5": 0,
      "Information": "info_item_6003"
    },
    {
      "ID": 3001,
      "Type": 2,
      "EffectID": 0,
      "Presentable": 4,
      "Material1ID": 4003,
      "Count1": 1,
      "Material2ID": 4003,
      "Count2": 1,
      "Material3ID": 4003,
      "Count3": 0,
      "Material4ID": 4003,
      "Count4": 0,
      "Material5ID": 4003,
      "Count5": 0,
      "Information": "info_item_3001"
    },
    {
      "ID": 3002,
      "Type": 2,
      "EffectID": 0,
      "Presentable": 4,
      "Material1ID": 4003,
      "Count1": 1,
      "Material2ID": 4003,
      "Count2": 1,
      "Material3ID": 4003,
      "Count3": 0,
      "Material4ID": 4003,
      "Count4": 0,
      "Material5ID": 4003,
      "Count5": 0,
      "Information": "info_item_3002"
    },
    {
      "ID": 3003,
      "Type": 2,
      "EffectID": 0,
      "Presentable": 4,
      "Material1ID": 4003,
      "Count1": 1,
      "Material2ID": 4003,
      "Count2": 1,
      "Material3ID": 4003,
      "Count3": 0,
      "Material4ID": 4003,
      "Count4": 0,
      "Material5ID": 4003,
      "Count5": 0,
      "Information": "info_item_3003"
    },
    {
      "ID": 3004,
      "Type": 2,
      "EffectID": 0,
      "Presentable": 4,
      "Material1ID": 4003,
      "Count1": 1,
      "Material2ID": 4003,
      "Count2": 1,
      "Material3ID": 4003,
      "Count3": 0,
      "Material4ID": 4003,
      "Count4": 0,
      "Material5ID": 4003,
      "Count5": 0,
      "Information": "info_item_3004"
    },
    {
      "ID": 4001,
      "Type": 301,
      "EffectID": 0,
      "Presentable": 4,
      "Material1ID": 4003,
      "Count1": 1,
      "Material2ID": 4003,
      "Count2": 1,
      "Material3ID": 4003,
      "Count3": 0,
      "Material4ID": 4003,
      "Count4": 0,
      "Material5ID": 4003,
      "Count5": 0,
      "Information": "info_item_4001"
    },
    {
      "ID": 4002,
      "Type": 302,
      "EffectID": 0,
      "Presentable": 4,
      "Material1ID": 4003,
      "Count1": 1,
      "Material2ID": 4003,
      "Count2": 1,
      "Material3ID": 4003,
      "Count3": 0,
      "Material4ID": 4003,
      "Count4": 0,
      "Material5ID": 4003,
      "Count5": 0,
      "Information": "info_item_4002"
    },
    {
      "ID": 4003,
      "Type": 303,
      "EffectID": 0,
      "Presentable": 4,
      "Material1ID": 4003,
      "Count1": 1,
      "Material2ID": 4003,
      "Count2": 1,
      "Material3ID": 4003,
      "Count3": 0,
      "Material4ID": 4003,
      "Count4": 0,
      "Material5ID": 4003,
      "Count5": 0,
      "Information": "info_item_4003"
    },
    {
      "ID": 4004,
      "Type": 304,
      "EffectID": 0,
      "Presentable": 4,
      "Material1ID": 4003,
      "Count1": 1,
      "Material2ID": 4003,
      "Count2": 1,
      "Material3ID": 4003,
      "Count3": 0,
      "Material4ID": 4003,
      "Count4": 0,
      "Material5ID": 4003,
      "Count5": 0,
      "Information": "info_item_4004"
    },
    {
      "ID": 4005,
      "Type": 304,
      "EffectID": 0,
      "Presentable": 4,
      "Material1ID": 4003,
      "Count1": 1,
      "Material2ID": 4003,
      "Count2": 1,
      "Material3ID": 4003,
      "Count3": 0,
      "Material4ID": 4003,
      "Count4": 0,
      "Material5ID": 4003,
      "Count5": 0,
      "Information": "info_item_4005"
    },
    {
      "ID": 4006,
      "Type": 305,
      "EffectID": 0,
      "Presentable": 4,
      "Material1ID": 4003,
      "Count1": 1,
      "Material2ID": 4003,
      "Count2": 1,
      "Material3ID": 4003,
      "Count3": 0,
      "Material4ID": 4003,
      "Count4": 0,
      "Material5ID": 4003,
      "Count5": 0,
      "Information": "info_item_4006"
    },
    {
      "ID": 4007,
      "Type": 301,
      "EffectID": 0,
      "Presentable": 4,
      "Material1ID": 4003,
      "Count1": 1,
      "Material2ID": 4003,
      "Count2": 1,
      "Material3ID": 4003,
      "Count3": 0,
      "Material4ID": 4003,
      "Count4": 0,
      "Material5ID": 4003,
      "Count5": 0,
      "Information": "info_item_4007"
    },
    {
      "ID": 4008,
      "Type": 302,
      "EffectID": 0,
      "Presentable": 4,
      "Material1ID": 4003,
      "Count1": 1,
      "Material2ID": 4003,
      "Count2": 1,
      "Material3ID": 4003,
      "Count3": 0,
      "Material4ID": 4003,
      "Count4": 0,
      "Material5ID": 4003,
      "Count5": 0,
      "Information": "info_item_4008"
    },
    {
      "ID": 4009,
      "Type": 303,
      "EffectID": 0,
      "Presentable": 4,
      "Material1ID": 4003,
      "Count1": 1,
      "Material2ID": 4003,
      "Count2": 1,
      "Material3ID": 4003,
      "Count3": 0,
      "Material4ID": 4003,
      "Count4": 0,
      "Material5ID": 4003,
      "Count5": 0,
      "Information": "info_item_4009"
    },
    {
      "ID": 4010,
      "Type": 304,
      "EffectID": 0,
      "Presentable": 4,
      "Material1ID": 4003,
      "Count1": 1,
      "Material2ID": 4003,
      "Count2": 1,
      "Material3ID": 4003,
      "Count3": 0,
      "Material4ID": 4003,
      "Count4": 0,
      "Material5ID": 4003,
      "Count5": 0,
      "Information": "info_item_4010"
    },
    {
      "ID": 4011,
      "Type": 304,
      "EffectID": 0,
      "Presentable": 4,
      "Material1ID": 4003,
      "Count1": 1,
      "Material2ID": 4003,
      "Count2": 1,
      "Material3ID": 4003,
      "Count3": 0,
      "Material4ID": 4003,
      "Count4": 0,
      "Material5ID": 4003,
      "Count5": 0,
      "Information": "info_item_4011"
    },
    {
      "ID": 4012,
      "Type": 305,
      "EffectID": 0,
      "Presentable": 4,
      "Material1ID": 4003,
      "Count1": 1,
      "Material2ID": 4003,
      "Count2": 1,
      "Material3ID": 4003,
      "Count3": 0,
      "Material4ID": 4003,
      "Count4": 0,
      "Material5ID": 4003,
      "Count5": 0,
      "Information": "info_item_4012"
    },
    {
      "ID": 4013,
      "Type": 301,
      "EffectID": 0,
      "Presentable": 4,
      "Material1ID": 4003,
      "Count1": 1,
      "Material2ID": 4003,
      "Count2": 1,
      "Material3ID": 4003,
      "Count3": 0,
      "Material4ID": 4003,
      "Count4": 0,
      "Material5ID": 4003,
      "Count5": 0,
      "Information": "info_item_4013"
    },
    {
      "ID": 4014,
      "Type": 302,
      "EffectID": 0,
      "Presentable": 4,
      "Material1ID": 4003,
      "Count1": 1,
      "Material2ID": 4003,
      "Count2": 1,
      "Material3ID": 4003,
      "Count3": 0,
      "Material4ID": 4003,
      "Count4": 0,
      "Material5ID": 4003,
      "Count5": 0,
      "Information": "info_item_4014"
    },
    {
      "ID": 4015,
      "Type": 303,
      "EffectID": 0,
      "Presentable": 4,
      "Material1ID": 4003,
      "Count1": 1,
      "Material2ID": 4003,
      "Count2": 1,
      "Material3ID": 4003,
      "Count3": 0,
      "Material4ID": 4003,
      "Count4": 0,
      "Material5ID": 4003,
      "Count5": 0,
      "Information": "info_item_4015"
    },
    {
      "ID": 4016,
      "Type": 304,
      "EffectID": 0,
      "Presentable": 4,
      "Material1ID": 4003,
      "Count1": 1,
      "Material2ID": 4003,
      "Count2": 1,
      "Material3ID": 4003,
      "Count3": 0,
      "Material4ID": 4003,
      "Count4": 0,
      "Material5ID": 4003,
      "Count5": 0,
      "Information": "info_item_4016"
    },
    {
      "ID": 4017,
      "Type": 304,
      "EffectID": 0,
      "Presentable": 4,
      "Material1ID": 4003,
      "Count1": 1,
      "Material2ID": 4003,
      "Count2": 1,
      "Material3ID": 4003,
      "Count3": 0,
      "Material4ID": 4003,
      "Count4": 0,
      "Material5ID": 4003,
      "Count5": 0,
      "Information": "info_item_4017"
    },
    {
      "ID": 4018,
      "Type": 305,
      "EffectID": 0,
      "Presentable": 4,
      "Material1ID": 4003,
      "Count1": 1,
      "Material2ID": 4003,
      "Count2": 1,
      "Material3ID": 4003,
      "Count3": 0,
      "Material4ID": 4003,
      "Count4": 0,
      "Material5ID": 4003,
      "Count5": 0,
      "Information": "info_item_4018"
    },
    {
      "ID": 4019,
      "Type": 301,
      "EffectID": 0,
      "Presentable": 4,
      "Material1ID": 4003,
      "Count1": 1,
      "Material2ID": 4003,
      "Count2": 1,
      "Material3ID": 4003,
      "Count3": 0,
      "Material4ID": 4003,
      "Count4": 0,
      "Material5ID": 4003,
      "Count5": 0,
      "Information": "info_item_4019"
    },
    {
      "ID": 4020,
      "Type": 302,
      "EffectID": 0,
      "Presentable": 4,
      "Material1ID": 4003,
      "Count1": 1,
      "Material2ID": 4003,
      "Count2": 1,
      "Material3ID": 4003,
      "Count3": 0,
      "Material4ID": 4003,
      "Count4": 0,
      "Material5ID": 4003,
      "Count5": 0,
      "Information": "info_item_4020"
    },
    {
      "ID": 4021,
      "Type": 303,
      "EffectID": 0,
      "Presentable": 4,
      "Material1ID": 4003,
      "Count1": 1,
      "Material2ID": 4003,
      "Count2": 1,
      "Material3ID": 4003,
      "Count3": 0,
      "Material4ID": 4003,
      "Count4": 0,
      "Material5ID": 4003,
      "Count5": 0,
      "Information": "info_item_4021"
    },
    {
      "ID": 4022,
      "Type": 304,
      "EffectID": 0,
      "Presentable": 4,
      "Material1ID": 4003,
      "Count1": 1,
      "Material2ID": 4003,
      "Count2": 1,
      "Material3ID": 4003,
      "Count3": 0,
      "Material4ID": 4003,
      "Count4": 0,
      "Material5ID": 4003,
      "Count5": 0,
      "Information": "info_item_4022"
    },
    {
      "ID": 4023,
      "Type": 304,
      "EffectID": 0,
      "Presentable": 4,
      "Material1ID": 4003,
      "Count1": 1,
      "Material2ID": 4003,
      "Count2": 1,
      "Material3ID": 4003,
      "Count3": 0,
      "Material4ID": 4003,
      "Count4": 0,
      "Material5ID": 4003,
      "Count5": 0,
      "Information": "info_item_4023"
    },
    {
      "ID": 4024,
      "Type": 305,
      "EffectID": 0,
      "Presentable": 4,
      "Material1ID": 4003,
      "Count1": 1,
      "Material2ID": 4003,
      "Count2": 1,
      "Material3ID": 4003,
      "Count3": 0,
      "Material4ID": 4003,
      "Count4": 0,
      "Material5ID": 4003,
      "Count5": 0,
      "Information": "info_item_4024"
    },
    {
      "ID": 4025,
      "Type": 301,
      "EffectID": 0,
      "Presentable": 4,
      "Material1ID": 4003,
      "Count1": 1,
      "Material2ID": 4003,
      "Count2": 1,
      "Material3ID": 4003,
      "Count3": 0,
      "Material4ID": 4003,
      "Count4": 0,
      "Material5ID": 4003,
      "Count5": 0,
      "Information": "info_item_4025"
    },
    {
      "ID": 5001,
      "Type": 4,
      "EffectID": 0,
      "Presentable": 4,
      "Material1ID": 4003,
      "Count1": 1,
      "Material2ID": 4003,
      "Count2": 1,
      "Material3ID": 4003,
      "Count3": 0,
      "Material4ID": 4003,
      "Count4": 0,
      "Material5ID": 4003,
      "Count5": 0,
      "Information": "info_item_5001"
    },
    {
      "ID": 5002,
      "Type": 4,
      "EffectID": 0,
      "Presentable": 4,
      "Material1ID": 4003,
      "Count1": 1,
      "Material2ID": 4003,
      "Count2": 1,
      "Material3ID": 4003,
      "Count3": 0,
      "Material4ID": 4003,
      "Count4": 0,
      "Material5ID": 4003,
      "Count5": 0,
      "Information": "info_item_5002"
    },
    {
      "ID": 5003,
      "Type": 4,
      "EffectID": 0,
      "Presentable": 4,
      "Material1ID": 4003,
      "Count1": 1,
      "Material2ID": 4003,
      "Count2": 1,
      "Material3ID": 4003,
      "Count3": 0,
      "Material4ID": 4003,
      "Count4": 0,
      "Material5ID": 4003,
      "Count5": 0,
      "Information": "info_item_5003"
    },
    {
      "ID": 5004,
      "Type": 4,
      "EffectID": 0,
      "Presentable": 4,
      "Material1ID": 4003,
      "Count1": 1,
      "Material2ID": 4003,
      "Count2": 1,
      "Material3ID": 4003,
      "Count3": 0,
      "Material4ID": 4003,
      "Count4": 0,
      "Material5ID": 4003,
      "Count5": 0,
      "Information": "info_item_5004"
    }
  ]
}