<?xml version="1.0" encoding="UTF-8" standalone="yes"?>
<Dialogue_1 xmlns:xsi="http://www.w3.org/2001/XMLSchema-instance">
	<u_story_1>
		<story>
      <Text>내가 다니는 고등학교, 글월고등학교에는 자주 묘한 소문이 돈다.</Text>
      <Setting Type="Text" Character="100" Background="1" BGM="BGM_DailyRoutine" SFX="x"/>
      <Location Left="x" LeftExpression="x" Middle="x" MiddleExpression="x" Right="x" RightExpression="x"/>
      <Effect FadeEffect="x" CameraEffect="x" UIEffect="x"/>
      <CharacterEffect LeftEvent="x" LeftMove="x" LeftTime="x" LeftFade="x" LeftReset="x" MiddleEvent="x" MiddleMove="x" MiddleTime="x" MiddleFade="x" MiddleReset="x" RightEvent="x" RightMove="x" RightTime="x" RightFade="x" RightReset="x"/>
      <SoundCtrl BGMVolume="x" EffectVolume="x"/>
      <PieceImage ImageShow="false" ImageNumber="0"/>
		</story>		
	</u_story_1>
</Dialogue_1>