﻿<?xml version="1.0" encoding="UTF-8" standalone="yes"?>
<Dialogue_1 xmlns:xsi="http://www.w3.org/2001/XMLSchema-instance">
  <u_story_1>
    <story>
      <Text>“도착했어요. 여기가 저희가 모이는 곳이에요.” </Text>
      <Setting Type="0" Speaker="100" Background="1" BGM="BGM_Meet_Aram" SFX="-1" />
      <Location Left="-1" Middle="100_1_101" Right="-1" />
      <Effect Fade="-1" Camera="-1" UI="-1" />
      <CharacterEffect LeftEvent="-1" MiddleEvent="-1" RightEvent="-1" />
      <PieceImage PutPicture="-1" />
    </story>
    <story>
      <Text>앞서가던 채아람이 복도 끝에서 멈춰 섰다. </Text>
      <Setting Type="0" Speaker="-1" Background="1" BGM="BGM_Meet_Aram" SFX="-1" />
      <Location Left="-1" Middle="100_1_101" Right="-1" />
      <Effect Fade="-1" Camera="-1" UI="-1" />
      <CharacterEffect LeftEvent="-1" MiddleEvent="-1" RightEvent="-1" />
      <PieceImage PutPicture="-1" />
    </story>
    <story>
      <Text>내가 학교 다니는 동안 한 번도 들린 적 없는 장소. 학교 꼭대기 층 가장 구석에 있는 방이다. </Text>
      <Setting Type="0" Speaker="-1" Background="1" BGM="BGM_Meet_Aram" SFX="-1" />
      <Location Left="-1" Middle="100_1_101" Right="-1" />
      <Effect Fade="-1" Camera="-1" UI="-1" />
      <CharacterEffect LeftEvent="-1" MiddleEvent="-1" RightEvent="-1" />
      <PieceImage PutPicture="-1" />
    </story>
    <story>
      <Text>문에는 귀여운 글씨로 ‘글월고 학생회’가 쓰여 있었다. 우리 학교 학생회가 이런 곳에 있었나?</Text>
      <Setting Type="0" Speaker="-1" Background="1" BGM="BGM_Meet_Aram" SFX="-1" />
      <Location Left="-1" Middle="100_1_101" Right="-1" />
      <Effect Fade="-1" Camera="-1" UI="-1" />
      <CharacterEffect LeftEvent="-1" MiddleEvent="-1" RightEvent="-1" />
      <PieceImage PutPicture="-1" />
    </story>
    <story>
      <Text>“안에서 다들 기다리고 있을 거예요.” </Text>
      <Setting Type="0" Speaker="100" Background="1" BGM="BGM_Meet_Aram" SFX="-1" />
      <Location Left="-1" Middle="100_1_101" Right="-1" />
      <Effect Fade="-1" Camera="-1" UI="-1" />
      <CharacterEffect LeftEvent="-1" MiddleEvent="-1" RightEvent="-1" />
      <PieceImage PutPicture="-1" />
    </story>
    <story>
      <Text>“아까 말했던 다른 사람들 말이야?” </Text>
      <Setting Type="0" Speaker="500" Background="1" BGM="BGM_Meet_Aram" SFX="-1" />
      <Location Left="-1" Middle="100_1_101" Right="-1" />
      <Effect Fade="-1" Camera="-1" UI="-1" />
      <CharacterEffect LeftEvent="-1" MiddleEvent="-1" RightEvent="-1" />
      <PieceImage PutPicture="-1" />
    </story>
    <story>
      <Text>괴물을 쓰러뜨리고, 미친듯이 질문을 쏟아대는 나에게 채아람은 아주 간단히 설명했다. </Text>
      <Setting Type="0" Speaker="100" Background="1" BGM="BGM_Meet_Aram" SFX="-1" />
      <Location Left="-1" Middle="100_1_101" Right="-1" />
      <Effect Fade="-1" Camera="-1" UI="-1" />
      <CharacterEffect LeftEvent="-1" MiddleEvent="-1" RightEvent="-1" />
      <PieceImage PutPicture="-1" />
    </story>
    <story>
      <Text>‘밤엔 저런 괴물이 나오고, 저는 괴물과 싸우는 팀 소속이거든요. 근데 자세하게 말하면 엄청 복잡해서….’</Text>
      <Setting Type="0" Speaker="100" Background="1" BGM="BGM_Meet_Aram" SFX="-1" />
      <Location Left="-1" Middle="100_1_101" Right="-1" />
      <Effect Fade="-1" Camera="-1" UI="-1" />
      <CharacterEffect LeftEvent="-1" MiddleEvent="-1" RightEvent="-1" />
      <PieceImage PutPicture="-1" />
    </story>
    <story>
      <Text>‘선배가 다른 분들 있는 데서 직접 듣는 편이 알기 쉬울 거예요.’</Text>
      <Setting Type="0" Speaker="100" Background="1" BGM="BGM_Meet_Aram" SFX="-1" />
      <Location Left="-1" Middle="100_1_101" Right="-1" />
      <Effect Fade="-1" Camera="-1" UI="-1" />
      <CharacterEffect LeftEvent="-1" MiddleEvent="-1" RightEvent="-1" />
      <PieceImage PutPicture="-1" />
    </story>
    <story>
      <Text>그래서 채아람의 말대로 따라왔다. 설마 거기가 우리 학교 학생회일 줄은 몰랐지만. </Text>
      <Setting Type="0" Speaker="-1" Background="1" BGM="BGM_Meet_Aram" SFX="-1" />
      <Location Left="-1" Middle="100_1_101" Right="-1" />
      <Effect Fade="-1" Camera="-1" UI="-1" />
      <CharacterEffect LeftEvent="-1" MiddleEvent="-1" RightEvent="-1" />
      <PieceImage PutPicture="-1" />
    </story>
    <story>
      <Text>“네. 다른 사람들이라고 해도 저 포함해서 네 명밖에 없긴 해요.” </Text>
      <Setting Type="0" Speaker="100" Background="1" BGM="BGM_Meet_Aram" SFX="-1" />
      <Location Left="-1" Middle="100_1_101" Right="-1" />
      <Effect Fade="-1" Camera="-1" UI="-1" />
      <CharacterEffect LeftEvent="-1" MiddleEvent="-1" RightEvent="-1" />
      <PieceImage PutPicture="-1" />
    </story>
    <story>
      <Text>“네, 네 명?”</Text>
      <Setting Type="0" Speaker="500" Background="1" BGM="BGM_Meet_Aram" SFX="-1" />
      <Location Left="-1" Middle="100_1_101" Right="-1" />
      <Effect Fade="-1" Camera="-1" UI="-1" />
      <CharacterEffect LeftEvent="-1" MiddleEvent="-1" RightEvent="-1" />
      <PieceImage PutPicture="-1" />
    </story>
    <story>
      <Text>“네. 만들어진 지 얼마 안 됐거든요. 그래도 괜찮아요!” </Text>
      <Setting Type="0" Speaker="100" Background="1" BGM="BGM_Meet_Aram" SFX="-1" />
      <Location Left="-1" Middle="100_1_101" Right="-1" />
      <Effect Fade="-1" Camera="-1" UI="-1" />
      <CharacterEffect LeftEvent="-1" MiddleEvent="-1" RightEvent="-1" />
      <PieceImage PutPicture="-1" />
    </story>
    <story>
      <Text>“선배가 들어오면 다섯 명으로 느니까요.”</Text>
      <Setting Type="0" Speaker="100" Background="1" BGM="BGM_Meet_Aram" SFX="-1" />
      <Location Left="-1" Middle="100_1_101" Right="-1" />
      <Effect Fade="-1" Camera="-1" UI="-1" />
      <CharacterEffect LeftEvent="-1" MiddleEvent="-1" RightEvent="-1" />
      <PieceImage PutPicture="-1" />
    </story>
    <story>
      <Text>채아람은 살짝 웃고는 닫혀있던 학생회 문을 열었다. </Text>
      <Setting Type="0" Speaker="-1" Background="4" BGM="-1" SFX="SFX_Door" />
      <Location Left="-1" Middle="-1" Right="-1" />
      <Effect Fade="-1" Camera="-1" UI="-1" />
      <CharacterEffect LeftEvent="-1" MiddleEvent="-1" RightEvent="-1" />
      <PieceImage PutPicture="-1" />
    </story>
    <story>
      <Text>긴장하고 들어간 학생회실 안은 지극히 평범했다. </Text>
      <Setting Type="0" Speaker="-1" Background="4" BGM="BGM_DailyRoutine" SFX="-1" />
      <Location Left="-1" Middle="-1" Right="-1" />
      <Effect Fade="-1" Camera="-1" UI="-1" />
      <CharacterEffect LeftEvent="-1" MiddleEvent="-1" RightEvent="-1" />
      <PieceImage PutPicture="-1" />
    </story>
    <story>
      <Text>중앙에 놓인 긴 테이블과 의자들. 구색 갖추기용인 서랍장과 책장. </Text>
      <Setting Type="0" Speaker="-1" Background="4" BGM="BGM_DailyRoutine" SFX="-1" />
      <Location Left="-1" Middle="-1" Right="-1" />
      <Effect Fade="-1" Camera="-1" UI="-1" />
      <CharacterEffect LeftEvent="-1" MiddleEvent="-1" RightEvent="-1" />
      <PieceImage PutPicture="-1" />
    </story>
    <story>
      <Text>괴물과 싸우는 사람들의 방이라기보단 그냥 어디에나 있는 동아리 부실의 모습이다. </Text>
      <Setting Type="0" Speaker="-1" Background="4" BGM="BGM_DailyRoutine" SFX="-1" />
      <Location Left="-1" Middle="-1" Right="-1" />
      <Effect Fade="-1" Camera="-1" UI="-1" />
      <CharacterEffect LeftEvent="-1" MiddleEvent="-1" RightEvent="-1" />
      <PieceImage PutPicture="-1" />
    </story>
    <story>
      <Text>“고생했어, 아람아.” </Text>
      <Setting Type="0" Speaker="700" Background="4" BGM="BGM_DailyRoutine" SFX="-1" />
      <Location Left="-1" Middle="-1" Right="-1" />
      <Effect Fade="-1" Camera="-1" UI="-1" />
      <CharacterEffect LeftEvent="-1" MiddleEvent="-1" RightEvent="-1" />
      <PieceImage PutPicture="-1" />
    </story>
    <story>
      <Text>두리번거리는 도중, 어쩐지 기억에 남아있는 목소리가 들렸다. </Text>
      <Setting Type="0" Speaker="-1" Background="4" BGM="BGM_DailyRoutine" SFX="-1" />
      <Location Left="-1" Middle="-1" Right="-1" />
      <Effect Fade="-1" Camera="-1" UI="-1" />
      <CharacterEffect LeftEvent="-1" MiddleEvent="-1" RightEvent="-1" />
      <PieceImage PutPicture="-1" />
    </story>
    <story>
      <Text>테이블의 상석, 목소리의 주인은 커튼이 쳐진 창문을 등지고, 학생회실을 둘러보는 나를 바라보고 있었다. </Text>
      <Setting Type="0" Speaker="-1" Background="4" BGM="BGM_DailyRoutine" SFX="-1" />
      <Location Left="-1" Middle="-1" Right="-1" />
      <Effect Fade="-1" Camera="-1" UI="-1" />
      <CharacterEffect LeftEvent="-1" MiddleEvent="-1" RightEvent="-1" />
      <PieceImage PutPicture="-1" />
    </story>
    <story>
      <Text>“아까 문자로 말했던 사람이 저 후배구나?” </Text>
      <Setting Type="0" Speaker="700" Background="4" BGM="BGM_DailyRoutine" SFX="-1" />
      <Location Left="-1" Middle="300_1_301" Right="-1" />
      <Effect Fade="-1" Camera="-1" UI="-1" />
      <CharacterEffect LeftEvent="-1" MiddleEvent="-1" RightEvent="-1" />
      <PieceImage PutPicture="-1" />
    </story>
    <story>
      <Text>검은 단발의 여학생. </Text>
      <Setting Type="0" Speaker="-1" Background="4" BGM="BGM_DailyRoutine" SFX="-1" />
      <Location Left="-1" Middle="-1" Right="-1" />
      <Effect Fade="-1" Camera="-1" UI="-1" />
      <CharacterEffect LeftEvent="-1" MiddleEvent="-1" RightEvent="-1" />
      <PieceImage PutPicture="-1" />
    </story>
    <story>
      <Text>학교에 친한 사람이 없는 나조차도 아는 사람이다. 학교에 크고 작은 일에는 항상 나오니, 글월고 학생이라면 누구나 기억하고 있을 얼굴. </Text>
      <Setting Type="0" Speaker="-1" Background="4" BGM="BGM_DailyRoutine" SFX="-1" />
      <Location Left="-1" Middle="-1" Right="-1" />
      <Effect Fade="-1" Camera="-1" UI="-1" />
      <CharacterEffect LeftEvent="-1" MiddleEvent="-1" RightEvent="-1" />
      <PieceImage PutPicture="-1" />
    </story>
    <story>
      <Text>“글월고등학교 학생회장. 고은혜라고 해.”</Text>
      <Setting Type="0" Speaker="300" Background="4" BGM="BGM_DailyRoutine" SFX="-1" />
      <Location Left="-1" Middle="300_1_301" Right="-1" />
      <Effect Fade="-1" Camera="-1" UI="-1" />
      <CharacterEffect LeftEvent="-1" MiddleEvent="-1" RightEvent="-1" />
      <PieceImage PutPicture="-1" />
    </story>
    <story>
      <Text>“아, 안녕하세요.” </Text>
      <Setting Type="0" Speaker="500" Background="4" BGM="BGM_DailyRoutine" SFX="-1" />
      <Location Left="-1" Middle="300_1_301" Right="-1" />
      <Effect Fade="-1" Camera="-1" UI="-1" />
      <CharacterEffect LeftEvent="-1" MiddleEvent="-1" RightEvent="-1" />
      <PieceImage PutPicture="-1" />
    </story>
    <story>
      <Text>“후후. 만나서 반가워.”</Text>
      <Setting Type="0" Speaker="300" Background="4" BGM="BGM_DailyRoutine" SFX="-1" />
      <Location Left="-1" Middle="300_1_301" Right="-1" />
      <Effect Fade="-1" Camera="-1" UI="-1" />
      <CharacterEffect LeftEvent="-1" MiddleEvent="-1" RightEvent="-1" />
      <PieceImage PutPicture="-1" />
    </story>
    <story>
      <Text>멀리서 보였던 인상대로의 느낌이었다. 나보다 1살 많을 뿐인데 느껴지는 어른스러움. </Text>
      <Setting Type="0" Speaker="-1" Background="4" BGM="BGM_DailyRoutine" SFX="-1" />
      <Location Left="-1" Middle="300_1_301" Right="-1" />
      <Effect Fade="-1" Camera="-1" UI="-1" />
      <CharacterEffect LeftEvent="-1" MiddleEvent="-1" RightEvent="-1" />
      <PieceImage PutPicture="-1" />
    </story>
    <story>
      <Text>정말로 나랑 같은 고등학생이 맞나? </Text>
      <Setting Type="0" Speaker="-1" Background="4" BGM="BGM_DailyRoutine" SFX="-1" />
      <Location Left="-1" Middle="300_1_301" Right="-1" />
      <Effect Fade="-1" Camera="-1" UI="-1" />
      <CharacterEffect LeftEvent="-1" MiddleEvent="-1" RightEvent="-1" />
      <PieceImage PutPicture="-1" />
    </story>
    <story>
      <Text>“근데 은혜 언니. 이제 그냥 채팅방 들어오면 안 돼요? 문자 따로 보내는 거 엄청 귀찮은데.”</Text>
      <Setting Type="0" Speaker="100" Background="4" BGM="BGM_DailyRoutine" SFX="-1" />
      <Location Left="100_1_101" Middle="300_1_301" Right="-1" />
      <Effect Fade="-1" Camera="-1" UI="-1" />
      <CharacterEffect LeftEvent="-1" MiddleEvent="-1" RightEvent="-1" />
      <PieceImage PutPicture="-1" />
    </story>
    <story>
      <Text>“으흠. 그건 나중에 얘기하기로 하고.”</Text>
      <Setting Type="0" Speaker="300" Background="4" BGM="BGM_DailyRoutine" SFX="-1" />
      <Location Left="100_1_101" Middle="300_1_301" Right="-1" />
      <Effect Fade="-1" Camera="-1" UI="-1" />
      <CharacterEffect LeftEvent="-1" MiddleEvent="-1" RightEvent="-1" />
      <PieceImage PutPicture="-1" />
    </story>
    <story>
      <Text>“저번에도 그러고 안 했잖아요!”</Text>
      <Setting Type="0" Speaker="100" Background="4" BGM="BGM_DailyRoutine" SFX="-1" />
      <Location Left="100_1_103" Middle="300_1_301" Right="-1" />
      <Effect Fade="-1" Camera="-1" UI="-1" />
      <CharacterEffect LeftEvent="-1" MiddleEvent="-1" RightEvent="-1" />
      <PieceImage PutPicture="-1" />
    </story>
    <story>
      <Text>학생회장은 채아람의 말을 흘리곤 학생회실에 앉아 있는 다른 둘을 쳐다봤다. </Text>
      <Setting Type="0" Speaker="-1" Background="4" BGM="BGM_DailyRoutine" SFX="-1" />
      <Location Left="-1" Middle="300_1_301" Right="-1" />
      <Effect Fade="-1" Camera="-1" UI="-1" />
      <CharacterEffect LeftEvent="-1" MiddleEvent="-1" RightEvent="-1" />
      <PieceImage PutPicture="-1" />
    </story>
    <story>
      <Text>“그러면 다른 분들도 전부 아람이가 보낸 내용은 알고 있겠네요.”</Text>
      <Setting Type="0" Speaker="300" Background="4" BGM="BGM_DailyRoutine" SFX="-1" />
      <Location Left="-1" Middle="300_1_301" Right="-1" />
      <Effect Fade="-1" Camera="-1" UI="-1" />
      <CharacterEffect LeftEvent="-1" MiddleEvent="-1" RightEvent="-1" />
      <PieceImage PutPicture="-1" />
    </story>
    <story>
      <Text>“네에~”</Text>
      <Setting Type="0" Speaker="700" Background="4" BGM="BGM_DailyRoutine" SFX="-1" />
      <Location Left="-1" Middle="300_1_301" Right="200_1_201" />
      <Effect Fade="-1" Camera="-1" UI="-1" />
      <CharacterEffect LeftEvent="-1" MiddleEvent="-1" RightEvent="-1" />
      <PieceImage PutPicture="-1" />
    </story>
    <story>
      <Text>구석에서 후드를 눌러쓰고 있던 여자애가 건성으로 대답하더니 고개를 들었다. </Text>
      <Setting Type="0" Speaker="-1" Background="4" BGM="BGM_DailyRoutine" SFX="-1" />
      <Location Left="-1" Middle="200_1_201" Right="-1" />
      <Effect Fade="-1" Camera="-1" UI="-1" />
      <CharacterEffect LeftEvent="-1" MiddleEvent="-1" RightEvent="-1" />
      <PieceImage PutPicture="-1" />
    </story>
    <story>
      <Text>항상 화난 듯한 표정을 짓고 있는 키 작은 애. 같은 반이라 몇 번 얼굴을 본 적이 있다. 이름이 분명….</Text>
      <Setting Type="0" Speaker="-1" Background="4" BGM="BGM_DailyRoutine" SFX="-1" />
      <Location Left="-1" Middle="200_1_201" Right="-1" />
      <Effect Fade="-1" Camera="-1" UI="-1" />
      <CharacterEffect LeftEvent="-1" MiddleEvent="-1" RightEvent="-1" />
      <PieceImage PutPicture="-1" />
    </story>
    <story>
      <Text>“한소원…맞지?”</Text>
      <Setting Type="0" Speaker="500" Background="4" BGM="BGM_DailyRoutine" SFX="-1" />
      <Location Left="-1" Middle="200_1_201" Right="-1" />
      <Effect Fade="-1" Camera="-1" UI="-1" />
      <CharacterEffect LeftEvent="-1" MiddleEvent="-1" RightEvent="-1" />
      <PieceImage PutPicture="-1" />
    </story>
    <story>
      <Text>“뭐? 누구인데 아는 척이야. 너 나 알아?”</Text>
      <Setting Type="0" Speaker="200" Background="4" BGM="BGM_DailyRoutine" SFX="-1" />
      <Location Left="-1" Middle="200_1_204" Right="-1" />
      <Effect Fade="-1" Camera="-1" UI="-1" />
      <CharacterEffect LeftEvent="-1" MiddleEvent="-1" RightEvent="-1" />
      <PieceImage PutPicture="-1" />
    </story>
    <story>
      <Text>“으, 응. 우리 같은 반이잖아.” </Text>
      <Setting Type="0" Speaker="500" Background="4" BGM="BGM_DailyRoutine" SFX="-1" />
      <Location Left="-1" Middle="200_1_201" Right="-1" />
      <Effect Fade="-1" Camera="-1" UI="-1" />
      <CharacterEffect LeftEvent="-1" MiddleEvent="-1" RightEvent="-1" />
      <PieceImage PutPicture="-1" />
    </story>
    <story>
      <Text>“…선생님. 얘 우리 반 맞아요?”</Text>
      <Setting Type="0" Speaker="200" Background="4" BGM="BGM_DailyRoutine" SFX="-1" />
      <Location Left="-1" Middle="200_1_201" Right="-1" />
      <Effect Fade="-1" Camera="-1" UI="-1" />
      <CharacterEffect LeftEvent="-1" MiddleEvent="-1" RightEvent="-1" />
      <PieceImage PutPicture="-1" />
    </story>
    <story>
      <Text>한소원은 내 말을 못 믿겠는지 옆에 서 있는 선생님을 쳐다봤다. </Text>
      <Setting Type="0" Speaker="-1" Background="4" BGM="BGM_DailyRoutine" SFX="-1" />
      <Location Left="-1" Middle="200_1_201" Right="-1" />
      <Effect Fade="-1" Camera="-1" UI="-1" />
      <CharacterEffect LeftEvent="-1" MiddleEvent="-1" RightEvent="-1" />
      <PieceImage PutPicture="-1" />
    </story>
    <story>
      <Text>“소, 소원아. 저번에 우리 반에 전학해 온 친구잖아. 그 몇 개월 전에.” </Text>
      <Setting Type="0" Speaker="400" Background="4" BGM="BGM_DailyRoutine" SFX="-1" />
      <Location Left="-1" Middle="200_1_201" Right="-1" />
      <Effect Fade="-1" Camera="-1" UI="-1" />
      <CharacterEffect LeftEvent="-1" MiddleEvent="-1" RightEvent="-1" />
      <PieceImage PutPicture="-1" />
    </story>
    <story>
      <Text>“아~ 미안. 너무 존재감 없어서 몰랐어.” </Text>
      <Setting Type="0" Speaker="200" Background="4" BGM="BGM_DailyRoutine" SFX="-1" />
      <Location Left="-1" Middle="200_1_201" Right="-1" />
      <Effect Fade="-1" Camera="-1" UI="-1" />
      <CharacterEffect LeftEvent="-1" MiddleEvent="-1" RightEvent="-1" />
      <PieceImage PutPicture="-1" />
    </story>
    <story>
      <Text>“그렇게 말하면 친구가 상처받잖니….”</Text>
      <Setting Type="0" Speaker="400" Background="4" BGM="BGM_DailyRoutine" SFX="-1" />
      <Location Left="-1" Middle="200_1_201" Right="-1" />
      <Effect Fade="-1" Camera="-1" UI="-1" />
      <CharacterEffect LeftEvent="-1" MiddleEvent="-1" RightEvent="-1" />
      <PieceImage PutPicture="-1" />
    </story>
    <story>
      <Text>“네에~”</Text>
      <Setting Type="0" Speaker="200" Background="4" BGM="BGM_DailyRoutine" SFX="-1" />
      <Location Left="-1" Middle="200_1_204" Right="-1" />
      <Effect Fade="-1" Camera="-1" UI="-1" />
      <CharacterEffect LeftEvent="-1" MiddleEvent="-1" RightEvent="-1" />
      <PieceImage PutPicture="-1" />
    </story>
    <story>
      <Text>“에휴우…. 미안해. 선생님이 대신 사과할게.” </Text>
      <Setting Type="0" Speaker="400" Background="4" BGM="BGM_DailyRoutine" SFX="-1" />
      <Location Left="-1" Middle="-1" Right="-1" />
      <Effect Fade="-1" Camera="-1" UI="-1" />
      <CharacterEffect LeftEvent="-1" MiddleEvent="-1" RightEvent="-1" />
      <PieceImage PutPicture="-1" />
    </story>
    <story>
      <Text>우리 반 담임이지만 학생 같아서 권위라곤 전혀 느껴지지 않는 선생님. </Text>
      <Setting Type="0" Speaker="-1" Background="4" BGM="BGM_DailyRoutine" SFX="-1" />
      <Location Left="-1" Middle="-1" Right="-1" />
      <Effect Fade="-1" Camera="-1" UI="-1" />
      <CharacterEffect LeftEvent="-1" MiddleEvent="-1" RightEvent="-1" />
      <PieceImage PutPicture="-1" />
    </story>
    <story>
      <Text>“내가 맨날 주의를 주긴 하는데…. 소원이가 맨날 들은 척도 안 해서….”</Text>
      <Setting Type="0" Speaker="400" Background="4" BGM="BGM_DailyRoutine" SFX="-1" />
      <Location Left="-1" Middle="-1" Right="-1" />
      <Effect Fade="-1" Camera="-1" UI="-1" />
      <CharacterEffect LeftEvent="-1" MiddleEvent="-1" RightEvent="-1" />
      <PieceImage PutPicture="-1" />
    </story>
    <story>
      <Text>도래솔 선생님이 시무룩한 얼굴로 내게 고개를 숙였다. </Text>
      <Setting Type="0" Speaker="-1" Background="4" BGM="BGM_DailyRoutine" SFX="-1" />
      <Location Left="-1" Middle="-1" Right="-1" />
      <Effect Fade="-1" Camera="-1" UI="-1" />
      <CharacterEffect LeftEvent="-1" MiddleEvent="-1" RightEvent="-1" />
      <PieceImage PutPicture="-1" />
    </story>
    <story>
      <Text>“괜찮아요. 제 얼굴 모를 수도 있죠.”</Text>
      <Setting Type="0" Speaker="500" Background="4" BGM="BGM_DailyRoutine" SFX="-1" />
      <Location Left="-1" Middle="-1" Right="-1" />
      <Effect Fade="-1" Camera="-1" UI="-1" />
      <CharacterEffect LeftEvent="-1" MiddleEvent="-1" RightEvent="-1" />
      <PieceImage PutPicture="-1" />
    </story>
    <story>
      <Text>“서, 선생님이 안 괜찮아서 그래….”</Text>
      <Setting Type="0" Speaker="400" Background="4" BGM="BGM_DailyRoutine" SFX="-1" />
      <Location Left="-1" Middle="-1" Right="-1" />
      <Effect Fade="-1" Camera="-1" UI="-1" />
      <CharacterEffect LeftEvent="-1" MiddleEvent="-1" RightEvent="-1" />
      <PieceImage PutPicture="-1" />
    </story>
    <story>
      <Text>“그래도 다행이네요! 두 분 다 선배가 처음 보는 얼굴은 아니잖아요.”</Text>
      <Setting Type="0" Speaker="100" Background="4" BGM="BGM_DailyRoutine" SFX="-1" />
      <Location Left="-1" Middle="100_1_107" Right="-1" />
      <Effect Fade="-1" Camera="-1" UI="-1" />
      <CharacterEffect LeftEvent="-1" MiddleEvent="-1" RightEvent="-1" />
      <PieceImage PutPicture="-1" />
    </story>
    <story>
      <Text>“아람이 말대로야. 굳이 서로 자기소개할 필요는 없겠네.” </Text>
      <Setting Type="0" Speaker="300" Background="4" BGM="BGM_DailyRoutine" SFX="-1" />
      <Location Left="-1" Middle="100_1_107" Right="300_1_301" />
      <Effect Fade="-1" Camera="-1" UI="-1" />
      <CharacterEffect LeftEvent="-1" MiddleEvent="-1" RightEvent="-1" />
      <PieceImage PutPicture="-1" />
    </story>
    <story>
      <Text>채아람이 잽싸게 돌린 화제를 학생회장이 이어받았다. </Text>
      <Setting Type="0" Speaker="-1" Background="4" BGM="BGM_DailyRoutine" SFX="-1" />
      <Location Left="-1" Middle="100_1_101" Right="300_1_301" />
      <Effect Fade="-1" Camera="-1" UI="-1" />
      <CharacterEffect LeftEvent="-1" MiddleEvent="-1" RightEvent="-1" />
      <PieceImage PutPicture="-1" />
    </story>
    <story>
      <Text>“으흠. 그러면 본론으로 넘어가도 되겠지?”</Text>
      <Setting Type="0" Speaker="300" Background="4" BGM="BGM_DailyRoutine" SFX="-1" />
      <Location Left="-1" Middle="300_1_301" Right="-1" />
      <Effect Fade="-1" Camera="-1" UI="-1" />
      <CharacterEffect LeftEvent="-1" MiddleEvent="-1" RightEvent="-1" />
      <PieceImage PutPicture="-1" />
    </story>
    <story>
      <Text>“본론이라면….”</Text>
      <Setting Type="0" Speaker="500" Background="4" BGM="BGM_DailyRoutine" SFX="-1" />
      <Location Left="-1" Middle="300_1_301" Right="-1" />
      <Effect Fade="-1" Camera="-1" UI="-1" />
      <CharacterEffect LeftEvent="-1" MiddleEvent="-1" RightEvent="-1" />
      <PieceImage PutPicture="-1" />
    </story>
    <story>
      <Text>“오늘 후배가 밤에 만났던 괴물에 관한 이야기야.”</Text>
      <Setting Type="0" Speaker="300" Background="4" BGM="-1" SFX="-1" />
      <Location Left="-1" Middle="300_1_301" Right="-1" />
      <Effect Fade="-1" Camera="-1" UI="-1" />
      <CharacterEffect LeftEvent="-1" MiddleEvent="-1" RightEvent="-1" />
      <PieceImage PutPicture="-1" />
    </story>
    <story>
      <Text>학생회장의 목소리는 그대로인데도, 주위가 조용해진 듯이 크게 들렸다. </Text>
      <Setting Type="0" Speaker="-1" Background="4" BGM="-1" SFX="-1" />
      <Location Left="-1" Middle="300_1_301" Right="-1" />
      <Effect Fade="-1" Camera="-1" UI="-1" />
      <CharacterEffect LeftEvent="-1" MiddleEvent="-1" RightEvent="-1" />
      <PieceImage PutPicture="-1" />
    </story>
    <story>
      <Text>“한밤중 어두운 곳에서 나타나는 괴물. 생김새는 귀신에서부터 요괴. 뭔지 모를 것까지 다양해.”</Text>
      <Setting Type="0" Speaker="-1" Background="4" BGM="-1" SFX="-1" />
      <Location Left="-1" Middle="300_1_301" Right="-1" />
      <Effect Fade="-1" Camera="-1" UI="-1" />
      <CharacterEffect LeftEvent="-1" MiddleEvent="-1" RightEvent="-1" />
      <PieceImage PutPicture="-1" />
    </story>
    <story>
      <Text>“그 괴물이 어디서 생겨난 건지, 언제부터 있었는지도 알 수 없어. 아무것도 알 수 없는 존재.”</Text>
      <Setting Type="0" Speaker="300" Background="4" BGM="-1" SFX="-1" />
      <Location Left="-1" Middle="300_1_301" Right="-1" />
      <Effect Fade="-1" Camera="-1" UI="-1" />
      <CharacterEffect LeftEvent="-1" MiddleEvent="-1" RightEvent="-1" />
      <PieceImage PutPicture="-1" />
    </story>
    <story>
      <Text>“그래서 우리는 그걸 ‘미지’라고 부르고 있어.”</Text>
      <Setting Type="0" Speaker="300" Background="4" BGM="-1" SFX="-1" />
      <Location Left="-1" Middle="300_1_301" Right="-1" />
      <Effect Fade="-1" Camera="-1" UI="-1" />
      <CharacterEffect LeftEvent="-1" MiddleEvent="-1" RightEvent="-1" />
      <PieceImage PutPicture="-1" />
    </story>
    <story>
      <Text>“정체를 알 수 없는 괴물이라니…. 그럼 아는 게 아무것도 없는 거예요?”</Text>
      <Setting Type="0" Speaker="500" Background="4" BGM="-1" SFX="-1" />
      <Location Left="-1" Middle="300_1_301" Right="-1" />
      <Effect Fade="-1" Camera="-1" UI="-1" />
      <CharacterEffect LeftEvent="-1" MiddleEvent="-1" RightEvent="-1" />
      <PieceImage PutPicture="-1" />
    </story>
    <story>
      <Text>“하나는 확실히 알고 있어. 미지가 우리를 잡아먹으려고 한다는 거. 후배도 겪어봐서 알지?”</Text>
      <Setting Type="0" Speaker="300" Background="4" BGM="-1" SFX="-1" />
      <Location Left="-1" Middle="300_1_301" Right="-1" />
      <Effect Fade="-1" Camera="-1" UI="-1" />
      <CharacterEffect LeftEvent="-1" MiddleEvent="-1" RightEvent="-1" />
      <PieceImage PutPicture="-1" />
    </story>
    <story>
      <Text>“그, 그런 게 있는데 경찰은 뭐 하는 거예요?”</Text>
      <Setting Type="0" Speaker="500" Background="4" BGM="-1" SFX="-1" />
      <Location Left="-1" Middle="300_1_301" Right="-1" />
      <Effect Fade="-1" Camera="-1" UI="-1" />
      <CharacterEffect LeftEvent="-1" MiddleEvent="-1" RightEvent="-1" />
      <PieceImage PutPicture="-1" />
    </story>
    <story>
      <Text>“아, 그거는 왜냐하면 있지. 미지는 평범한 사람에겐 보이지 않거든.”</Text>
      <Setting Type="0" Speaker="300" Background="4" BGM="-1" SFX="-1" />
      <Location Left="-1" Middle="300_1_301" Right="-1" />
      <Effect Fade="-1" Camera="-1" UI="-1" />
      <CharacterEffect LeftEvent="-1" MiddleEvent="-1" RightEvent="-1" />
      <PieceImage PutPicture="-1" />
    </story>
    <story>
      <Text>“정확히 말하면, ‘정상적인 사람은 미지와 엮일 수 없다.’라고 해야겠네. 둘은 서로 인식도 접촉도 불가능해.” </Text>
      <Setting Type="0" Speaker="300" Background="4" BGM="-1" SFX="-1" />
      <Location Left="-1" Middle="300_1_301" Right="-1" />
      <Effect Fade="-1" Camera="-1" UI="-1" />
      <CharacterEffect LeftEvent="-1" MiddleEvent="-1" RightEvent="-1" />
      <PieceImage PutPicture="-1" />
    </story>
    <story>
      <Text>“경찰도 그 누구도 미지를 이해할 수 없지. 미지에 대해 말해봤자 정신이 이상한 사람 취급받을 거야.” </Text>
      <Setting Type="0" Speaker="300" Background="4" BGM="-1" SFX="-1" />
      <Location Left="-1" Middle="300_1_301" Right="-1" />
      <Effect Fade="-1" Camera="-1" UI="-1" />
      <CharacterEffect LeftEvent="-1" MiddleEvent="-1" RightEvent="-1" />
      <PieceImage PutPicture="-1" />
    </story>
    <story>
      <Text>“여기 있는 학생회 4명. 아, 후배를 포함해서 5명을 빼곤 말이야.” </Text>
      <Setting Type="0" Speaker="300" Background="4" BGM="-1" SFX="-1" />
      <Location Left="-1" Middle="300_1_301" Right="-1" />
      <Effect Fade="-1" Camera="-1" UI="-1" />
      <CharacterEffect LeftEvent="-1" MiddleEvent="-1" RightEvent="-1" />
      <PieceImage PutPicture="-1" />
    </story>
    <story>
      <Text>정상적인 사람은 미지와 엮일 수 없다. 학생회장은 그렇게 말했다. </Text>
      <Setting Type="0" Speaker="-1" Background="4" BGM="-1" SFX="-1" />
      <Location Left="-1" Middle="300_1_301" Right="-1" />
      <Effect Fade="-1" Camera="-1" UI="-1" />
      <CharacterEffect LeftEvent="-1" MiddleEvent="-1" RightEvent="-1" />
      <PieceImage PutPicture="-1" />
    </story>
    <story>
      <Text>하지만 나는 오늘 밤 미지와 만났다. 만난 것만 아니라 직접 만지기도 했다. 그 말은….</Text>
      <Setting Type="0" Speaker="-1" Background="4" BGM="-1" SFX="-1" />
      <Location Left="-1" Middle="300_1_301" Right="-1" />
      <Effect Fade="-1" Camera="-1" UI="-1" />
      <CharacterEffect LeftEvent="-1" MiddleEvent="-1" RightEvent="-1" />
      <PieceImage PutPicture="-1" />
    </story>
    <story>
      <Text>“…제가 정상이 아니란 거예요?”</Text>
      <Setting Type="0" Speaker="500" Background="4" BGM="-1" SFX="-1" />
      <Location Left="-1" Middle="-1" Right="-1" />
      <Effect Fade="-1" Camera="-1" UI="-1" />
      <CharacterEffect LeftEvent="-1" MiddleEvent="-1" RightEvent="-1" />
      <PieceImage PutPicture="-1" />
    </story>
    <story>
      <Text>“네. 선배도, 저도, 다들 똑같아요. 이유는 모르지만, 어느 날부터 정상을 벗어나 미지가 보이게 된 거죠.” </Text>
      <Setting Type="0" Speaker="100" Background="4" BGM="-1" SFX="-1" />
      <Location Left="-1" Middle="100_1_101" Right="-1" />
      <Effect Fade="-1" Camera="-1" UI="-1" />
      <CharacterEffect LeftEvent="-1" MiddleEvent="-1" RightEvent="-1" />
      <PieceImage PutPicture="-1" />
    </story>
    <story>
      <Text>“하여간 지지리 운도 없지.” </Text>
      <Setting Type="0" Speaker="200" Background="4" BGM="-1" SFX="-1" />
      <Location Left="-1" Middle="100_1_101" Right="200_1_201" />
      <Effect Fade="-1" Camera="-1" UI="-1" />
      <CharacterEffect LeftEvent="-1" MiddleEvent="-1" RightEvent="-1" />
      <PieceImage PutPicture="-1" />
    </story>
    <story>
      <Text>“그, 그래도 덕분에 이렇게 새로 친구도 생겼잖니.”</Text>
      <Setting Type="0" Speaker="400" Background="4" BGM="-1" SFX="-1" />
      <Location Left="-1" Middle="100_1_101" Right="200_1_201" />
      <Effect Fade="-1" Camera="-1" UI="-1" />
      <CharacterEffect LeftEvent="-1" MiddleEvent="-1" RightEvent="-1" />
      <PieceImage PutPicture="-1" />
    </story>
    <story>
      <Text>“쟤요? 쟤가 왜 제 친구인데요.”</Text>
      <Setting Type="0" Speaker="200" Background="4" BGM="-1" SFX="-1" />
      <Location Left="-1" Middle="100_1_101" Right="200_1_204" />
      <Effect Fade="-1" Camera="-1" UI="-1" />
      <CharacterEffect LeftEvent="-1" MiddleEvent="-1" RightEvent="-1" />
      <PieceImage PutPicture="-1" />
    </story>
    <story>
      <Text>“히잉….”</Text>
      <Setting Type="0" Speaker="400" Background="4" BGM="-1" SFX="-1" />
      <Location Left="-1" Middle="100_1_101" Right="200_1_204" />
      <Effect Fade="-1" Camera="-1" UI="-1" />
      <CharacterEffect LeftEvent="-1" MiddleEvent="-1" RightEvent="-1" />
      <PieceImage PutPicture="-1" />
    </story>
    <story>
      <Text>“으흠.”</Text>
      <Setting Type="0" Speaker="300" Background="4" BGM="-1" SFX="-1" />
      <Location Left="100_1_101" Middle="300_1_301" Right="200_1_201" />
      <Effect Fade="-1" Camera="-1" UI="-1" />
      <CharacterEffect LeftEvent="-1" MiddleEvent="-1" RightEvent="-1" />
      <PieceImage PutPicture="-1" />
    </story>
    <story>
      <Text>학생회장이 헛기침으로 어수선해진 분위기를 다시 잡았다. </Text>
      <Setting Type="0" Speaker="-1" Background="4" BGM="-1" SFX="-1" />
      <Location Left="100_1_101" Middle="300_1_301" Right="200_1_201" />
      <Effect Fade="-1" Camera="-1" UI="-1" />
      <CharacterEffect LeftEvent="-1" MiddleEvent="-1" RightEvent="-1" />
      <PieceImage PutPicture="-1" />
    </story>
    <story>
      <Text>“어째서 우리가 미지에게 노려지는 걸까. 미지의 정체는 무엇일까. 그런 건 우리도 아직 알아내지 못했어. 하지만 가장 중요한 건 알고 있어.”</Text>
      <Setting Type="0" Speaker="300" Background="4" BGM="-1" SFX="-1" />
      <Location Left="100_1_101" Middle="300_1_301" Right="200_1_201" />
      <Effect Fade="-1" Camera="-1" UI="-1" />
      <CharacterEffect LeftEvent="-1" MiddleEvent="-1" RightEvent="-1" />
      <PieceImage PutPicture="-1" />
    </story>
    <story>
      <Text>“바로 미지에서 벗어나는 방법이야.” </Text>
      <Setting Type="0" Speaker="300" Background="4" BGM="-1" SFX="-1" />
      <Location Left="100_1_101" Middle="300_1_301" Right="200_1_201" />
      <Effect Fade="-1" Camera="-1" UI="-1" />
      <CharacterEffect LeftEvent="-1" MiddleEvent="-1" RightEvent="-1" />
      <PieceImage PutPicture="-1" />
    </story>
    <story>
      <Text>“그런 방법이 있어요?”</Text>
      <Setting Type="0" Speaker="500" Background="4" BGM="-1" SFX="-1" />
      <Location Left="100_1_101" Middle="300_1_301" Right="200_1_201" />
      <Effect Fade="-1" Camera="-1" UI="-1" />
      <CharacterEffect LeftEvent="-1" MiddleEvent="-1" RightEvent="-1" />
      <PieceImage PutPicture="-1" />
    </story>
    <story>
      <Text>“어디까지나 추측이지만 있어. 그래서 우리가 이렇게 모여서 활동하는 거야. 학생회라는 이름을 빌려서.”</Text>
      <Setting Type="0" Speaker="300" Background="4" BGM="-1" SFX="-1" />
      <Location Left="100_1_101" Middle="300_1_301" Right="200_1_201" />
      <Effect Fade="-1" Camera="-1" UI="-1" />
      <CharacterEffect LeftEvent="-1" MiddleEvent="-1" RightEvent="-1" />
      <PieceImage PutPicture="-1" />
    </story>
    <story>
      <Text>“어, 어떻게 하면 벗어날 수 있는 건데요?”</Text>
      <Setting Type="0" Speaker="500" Background="4" BGM="-1" SFX="-1" />
      <Location Left="100_1_101" Middle="300_1_301" Right="200_1_201" />
      <Effect Fade="-1" Camera="-1" UI="-1" />
      <CharacterEffect LeftEvent="-1" MiddleEvent="-1" RightEvent="-1" />
      <PieceImage PutPicture="-1" />
    </story>
    <story>
      <Text>미지와 다시는 만나고 싶지 않다. 그런 괴물과 또 만나고 쫓겼다간…. 진짜 죽어버릴지도 모른다. </Text>
      <Setting Type="0" Speaker="-1" Background="4" BGM="-1" SFX="-1" />
      <Location Left="100_1_101" Middle="300_1_301" Right="200_1_201" />
      <Effect Fade="-1" Camera="-1" UI="-1" />
      <CharacterEffect LeftEvent="-1" MiddleEvent="-1" RightEvent="-1" />
      <PieceImage PutPicture="-1" />
    </story>
    <story>
      <Text>“후후. 원래는 학생회에 들어온다고 말하면 알려주려 했는데.”</Text>
      <Setting Type="0" Speaker="300" Background="4" BGM="-1" SFX="-1" />
      <Location Left="100_1_101" Middle="300_1_301" Right="200_1_201" />
      <Effect Fade="-1" Camera="-1" UI="-1" />
      <CharacterEffect LeftEvent="-1" MiddleEvent="-1" RightEvent="-1" />
      <PieceImage PutPicture="-1" />
    </story>
    <story>
      <Text>“후배는 특별히 먼저 알려줄게.”</Text>
      <Setting Type="0" Speaker="300" Background="4" BGM="-1" SFX="-1" />
      <Location Left="-1" Middle="300_1_301" Right="-1" />
      <Effect Fade="-1" Camera="-1" UI="-1" />
      <CharacterEffect LeftEvent="-1" MiddleEvent="-1" RightEvent="-1" />
      <PieceImage PutPicture="-1" />
    </story>
    <story>
      <Text>학생회장의 눈이 사악하게 번뜩였다. </Text>
      <Setting Type="0" Speaker="-1" Background="4" BGM="-1" SFX="-1" />
      <Location Left="-1" Middle="300_1_301" Right="-1" />
      <Effect Fade="-1" Camera="-1" UI="-1" />
      <CharacterEffect LeftEvent="-1" MiddleEvent="-1" RightEvent="-1" />
      <PieceImage PutPicture="-1" />
    </story>
    <story>
      <Text>그리곤 나쁜 일을 고백하는 아이처럼 작게 속삭였다. </Text>
      <Setting Type="0" Speaker="-1" Background="4" BGM="-1" SFX="-1" />
      <Location Left="-1" Middle="300_1_301" Right="-1" />
      <Effect Fade="-1" Camera="-1" UI="-1" />
      <CharacterEffect LeftEvent="-1" MiddleEvent="-1" RightEvent="-1" />
      <PieceImage PutPicture="-1" />
    </story>
    <story>
      <Text>“미지를 죽이는 거야.” </Text>
      <Setting Type="0" Speaker="300" Background="4" BGM="BGM_Horror" SFX="-1" />
      <Location Left="-1" Middle="300_1_301" Right="-1" />
      <Effect Fade="-1" Camera="-1" UI="-1" />
      <CharacterEffect LeftEvent="-1" MiddleEvent="-1" RightEvent="-1" />
      <PieceImage PutPicture="-1" />
    </story>
    <story>
      <Text>“…네?”</Text>
      <Setting Type="0" Speaker="500" Background="4" BGM="BGM_Horror" SFX="-1" />
      <Location Left="-1" Middle="300_1_301" Right="-1" />
      <Effect Fade="-1" Camera="-1" UI="-1" />
      <CharacterEffect LeftEvent="-1" MiddleEvent="-1" RightEvent="-1" />
      <PieceImage PutPicture="-1" />
    </story>
    <story>
      <Text>“밤에 나오는 미지를 죽이는 것. 미지가 더는 두렵지 않을 정도로 미지를 쓰러뜨리는 것.” </Text>
      <Setting Type="0" Speaker="300" Background="4" BGM="BGM_Horror" SFX="-1" />
      <Location Left="-1" Middle="300_1_301" Right="-1" />
      <Effect Fade="-1" Camera="-1" UI="-1" />
      <CharacterEffect LeftEvent="-1" MiddleEvent="-1" RightEvent="-1" />
      <PieceImage PutPicture="-1" />
    </story>
    <story>
      <Text>“그게 우리가 찾아낸 방법이야. 미지에게서 벗어나는 가장 확실한 방법.”</Text>
      <Setting Type="0" Speaker="300" Background="4" BGM="BGM_Horror" SFX="-1" />
      <Location Left="-1" Middle="300_1_301" Right="-1" />
      <Effect Fade="-1" Camera="-1" UI="-1" />
      <CharacterEffect LeftEvent="-1" MiddleEvent="-1" RightEvent="-1" />
      <PieceImage PutPicture="-1" />
    </story>
    <story>
      <Text>미지를 죽인다? 그 괴물이랑 맞서 싸운다고? 제정신이야? </Text>
      <Setting Type="0" Speaker="300" Background="4" BGM="BGM_Horror" SFX="SFX_Herat" />
      <Location Left="-1" Middle="300_1_301" Right="-1" />
      <Effect Fade="-1" Camera="-1" UI="-1" />
      <CharacterEffect LeftEvent="-1" MiddleEvent="-1" RightEvent="-1" />
      <PieceImage PutPicture="-1" />
    </story>
    <story>
      <Text>“야, 무슨 생각하는지 다 보인다.”</Text>
      <Setting Type="0" Speaker="200" Background="4" BGM="BGM_Horror" SFX="SFX_Herat" />
      <Location Left="-1" Middle="300_1_301" Right="200_1_204" />
      <Effect Fade="-1" Camera="-1" UI="-1" />
      <CharacterEffect LeftEvent="-1" MiddleEvent="-1" RightEvent="-1" />
      <PieceImage PutPicture="-1" />
    </story>
    <story>
      <Text>“미친 소리처럼 들리는 건 맞는데. 그렇게 위험하지도 않아. 미지는 도망가면 그만이거든?” </Text>
      <Setting Type="0" Speaker="200" Background="4" BGM="-1" SFX="-1" />
      <Location Left="-1" Middle="300_1_301" Right="200_1_204" />
      <Effect Fade="-1" Camera="-1" UI="-1" />
      <CharacterEffect LeftEvent="-1" MiddleEvent="-1" RightEvent="-1" />
      <PieceImage PutPicture="-1" />
    </story>
    <story>
      <Text>“그래. 미지는 위험하지만, 도망치면 그만이지. 밝은 곳이나 미지를 보지 못하는 사람들이 있는 곳으로 도망치면 미지는 더는 쫓아오지 않아.”</Text>
      <Setting Type="0" Speaker="300" Background="4" BGM="-1" SFX="-1" />
      <Location Left="-1" Middle="300_1_301" Right="200_1_201" />
      <Effect Fade="-1" Camera="-1" UI="-1" />
      <CharacterEffect LeftEvent="-1" MiddleEvent="-1" RightEvent="-1" />
      <PieceImage PutPicture="-1" />
    </story>
    <story>
      <Text>“사실 아까도 선배가 없었으면 저도 도망치려고 했어요.” </Text>
      <Setting Type="0" Speaker="100" Background="4" BGM="-1" SFX="-1" />
      <Location Left="100_1_101" Middle="300_1_301" Right="200_1_201" />
      <Effect Fade="-1" Camera="-1" UI="-1" />
      <CharacterEffect LeftEvent="-1" MiddleEvent="-1" RightEvent="-1" />
      <PieceImage PutPicture="-1" />
    </story>
    <story>
      <Text>어? 내가 미지와 만났을 때는 계속 쫓아왔었는데?</Text>
      <Setting Type="0" Speaker="-1" Background="4" BGM="-1" SFX="-1" />
      <Location Left="100_1_101" Middle="300_1_301" Right="200_1_201" />
      <Effect Fade="-1" Camera="-1" UI="-1" />
      <CharacterEffect LeftEvent="-1" MiddleEvent="-1" RightEvent="-1" />
      <PieceImage PutPicture="-1" />
    </story>
    <story>
      <Text>아. 맞아. 나 계속 어두운 곳으로 도망쳤지. 그래서 쫓아온 거구나. </Text>
      <Setting Type="0" Speaker="-1" Background="4" BGM="-1" SFX="-1" />
      <Location Left="100_1_101" Middle="300_1_301" Right="200_1_201" />
      <Effect Fade="-1" Camera="-1" UI="-1" />
      <CharacterEffect LeftEvent="-1" MiddleEvent="-1" RightEvent="-1" />
      <PieceImage PutPicture="-1" />
    </story>
    <story>
      <Text>…좀 억울하네.</Text>
      <Setting Type="0" Speaker="-1" Background="4" BGM="-1" SFX="-1" />
      <Location Left="100_1_101" Middle="300_1_301" Right="200_1_201" />
      <Effect Fade="-1" Camera="-1" UI="-1" />
      <CharacterEffect LeftEvent="-1" MiddleEvent="-1" RightEvent="-1" />
      <PieceImage PutPicture="-1" />
    </story>
    <story>
      <Text>“미지가 위험하면 도망치고, 약해 보이면 쓰러뜨린다. 이것만 지키면 미지는 다치지 않고 얼마든지 쓰러뜨릴 수 있어.”</Text>
      <Setting Type="0" Speaker="300" Background="4" BGM="-1" SFX="-1" />
      <Location Left="-1" Middle="300_1_301" Right="-1" />
      <Effect Fade="-1" Camera="-1" UI="-1" />
      <CharacterEffect LeftEvent="-1" MiddleEvent="-1" RightEvent="-1" />
      <PieceImage PutPicture="-1" />
    </story>
    <story>
      <Text>“그리고 미지를 죽이는 것으로 미지에서 벗어날 수 있다.” </Text>
      <Setting Type="0" Speaker="300" Background="4" BGM="-1" SFX="-1" />
      <Location Left="-1" Middle="300_1_301" Right="-1" />
      <Effect Fade="-1" Camera="-1" UI="-1" />
      <CharacterEffect LeftEvent="-1" MiddleEvent="-1" RightEvent="-1" />
      <PieceImage PutPicture="-1" />
    </story>
    <story>
      <Text>“우리가 이런 방법을 선택한 이유는…. 이야기가 길어지니 나중에 설명하도록 할게. 시간도 늦었으니까.”</Text>
      <Setting Type="0" Speaker="300" Background="4" BGM="-1" SFX="-1" />
      <Location Left="-1" Middle="300_1_301" Right="-1" />
      <Effect Fade="-1" Camera="-1" UI="-1" />
      <CharacterEffect LeftEvent="-1" MiddleEvent="-1" RightEvent="-1" />
      <PieceImage PutPicture="-1" />
    </story>
    <story>
      <Text>졸려서 하품하는 채아람을 곁눈질한 학생회장이 이야기를 멈췄다. </Text>
      <Setting Type="0" Speaker="-1" Background="4" BGM="-1" SFX="-1" />
      <Location Left="-1" Middle="300_1_301" Right="-1" />
      <Effect Fade="-1" Camera="-1" UI="-1" />
      <CharacterEffect LeftEvent="-1" MiddleEvent="-1" RightEvent="-1" />
      <PieceImage PutPicture="-1" />
    </story>
    <story>
      <Text>“우리가 후배에게 얘기해줄 건 지금은 이걸로 충분할 거야. 학생회의 목표는 미지를 죽여서 다시 원래대로의 생활을 되찾는 것.” </Text>
      <Setting Type="0" Speaker="300" Background="4" BGM="-1" SFX="-1" />
      <Location Left="-1" Middle="300_1_301" Right="-1" />
      <Effect Fade="-1" Camera="-1" UI="-1" />
      <CharacterEffect LeftEvent="-1" MiddleEvent="-1" RightEvent="-1" />
      <PieceImage PutPicture="-1" />
    </story>
    <story>
      <Text>“후배는 어떡할래? 우리가 알려준 것처럼 도망치는 것도 하나의 방법이야. 잘만 도망치면 다칠 일은 없어.”</Text>
      <Setting Type="0" Speaker="300" Background="4" BGM="-1" SFX="-1" />
      <Location Left="-1" Middle="300_1_301" Right="-1" />
      <Effect Fade="-1" Camera="-1" UI="-1" />
      <CharacterEffect LeftEvent="-1" MiddleEvent="-1" RightEvent="-1" />
      <PieceImage PutPicture="-1" />
    </story>
    <story>
      <Text>“만약 그러고 싶다면, 지금 한 얘기는 잊고, 학생회실을 나가줘.” </Text>
      <Setting Type="0" Speaker="300" Background="4" BGM="-1" SFX="-1" />
      <Location Left="-1" Middle="300_1_301" Right="-1" />
      <Effect Fade="-1" Camera="-1" UI="-1" />
      <CharacterEffect LeftEvent="-1" MiddleEvent="-1" RightEvent="-1" />
      <PieceImage PutPicture="-1" />
    </story>
    <story>
      <Text>“…평생 밤마다 밝은 곳만 찾아다니고, 어두운 곳에선 도망치며 살아야겠지만.” </Text>
      <Setting Type="0" Speaker="300" Background="4" BGM="-1" SFX="-1" />
      <Location Left="-1" Middle="300_1_301" Right="-1" />
      <Effect Fade="-1" Camera="-1" UI="-1" />
      <CharacterEffect LeftEvent="-1" MiddleEvent="-1" RightEvent="-1" />
      <PieceImage PutPicture="-1" />
    </story>
    <story>
      <Text>“하지만 만약 우리와 같이하고 싶다면.”</Text>
      <Setting Type="0" Speaker="300" Background="4" BGM="-1" SFX="-1" />
      <Location Left="-1" Middle="300_1_301" Right="-1" />
      <Effect Fade="-1" Camera="-1" UI="-1" />
      <CharacterEffect LeftEvent="-1" MiddleEvent="-1" RightEvent="-1" />
      <PieceImage PutPicture="-1" />
    </story>
    <story>
      <Text>학생회장이 내 앞으로 학생회 명부를 펼쳐 내밀었다.</Text>
      <Setting Type="0" Speaker="-1" Background="4" BGM="-1" SFX="-1" />
      <Location Left="-1" Middle="300_1_301" Right="-1" />
      <Effect Fade="-1" Camera="-1" UI="-1" />
      <CharacterEffect LeftEvent="-1" MiddleEvent="-1" RightEvent="-1" />
      <PieceImage PutPicture="-1" />
    </story>
    <story>
      <Text>“그곳에 네 이름을 적어줘.”</Text>
      <Setting Type="0" Speaker="300" Background="4" BGM="-1" SFX="-1" />
      <Location Left="-1" Middle="300_1_301" Right="-1" />
      <Effect Fade="-1" Camera="-1" UI="-1" />
      <CharacterEffect LeftEvent="-1" MiddleEvent="-1" RightEvent="-1" />
      <PieceImage PutPicture="-1" />
    </story>
    <story>
      <Text>그 이상 할 말은 없는지 학생회장은 입을 다물었다. </Text>
      <Setting Type="0" Speaker="-1" Background="4" BGM="-1" SFX="-1" />
      <Location Left="-1" Middle="300_1_301" Right="-1" />
      <Effect Fade="-1" Camera="-1" UI="-1" />
      <CharacterEffect LeftEvent="-1" MiddleEvent="-1" RightEvent="-1" />
      <PieceImage PutPicture="-1" />
    </story>
    <story>
      <Text>미지와 싸우거나, 미지에게서 평생 도망치거나. 내가 지금 할 수 있는 선택은 두 가지밖에 없었다. </Text>
      <Setting Type="0" Speaker="-1" Background="4" BGM="-1" SFX="-1" />
      <Location Left="-1" Middle="-1" Right="-1" />
      <Effect Fade="-1" Camera="-1" UI="-1" />
      <CharacterEffect LeftEvent="-1" MiddleEvent="-1" RightEvent="-1" />
      <PieceImage PutPicture="-1" />
    </story>
    <story>
      <Text>위험한 도전과 안전한 도망. </Text>
      <Setting Type="0" Speaker="-1" Background="4" BGM="-1" SFX="-1" />
      <Location Left="-1" Middle="-1" Right="-1" />
      <Effect Fade="-1" Camera="-1" UI="-1" />
      <CharacterEffect LeftEvent="-1" MiddleEvent="-1" RightEvent="-1" />
      <PieceImage PutPicture="-1" />
    </story>
    <story>
      <Text>평소의 나라면 고민하지 않고 뒤를 골랐을 거다. 괴물과 싸운다니. 여기 있는 사람들 전부 제정신이 아니라면서 뛰쳐나갔겠지. </Text>
      <Setting Type="0" Speaker="-1" Background="4" BGM="-1" SFX="-1" />
      <Location Left="-1" Middle="-1" Right="-1" />
      <Effect Fade="-1" Camera="-1" UI="-1" />
      <CharacterEffect LeftEvent="-1" MiddleEvent="-1" RightEvent="-1" />
      <PieceImage PutPicture="-1" />
    </story>
    <story>
      <Text>하지만 이젠 안다. 여기 모여 있는 네 명도 나만큼 무서웠을 거다. 미지와 싸운다니 누구나 무서울 일이다. </Text>
      <Setting Type="0" Speaker="-1" Background="4" BGM="-1" SFX="-1" />
      <Location Left="-1" Middle="-1" Right="-1" />
      <Effect Fade="-1" Camera="-1" UI="-1" />
      <CharacterEffect LeftEvent="-1" MiddleEvent="-1" RightEvent="-1" />
      <PieceImage PutPicture="-1" />
    </story>
    <story>
      <Text>그래도 이 네 명은 당당히 맞서고 있다.</Text>
      <Setting Type="0" Speaker="-1" Background="4" BGM="-1" SFX="-1" />
      <Location Left="100_1_101" Middle="300_1_301" Right="200_1_201" />
      <Effect Fade="-1" Camera="-1" UI="-1" />
      <CharacterEffect LeftEvent="-1" MiddleEvent="-1" RightEvent="-1" />
      <PieceImage PutPicture="-1" />
    </story>
    <story>
      <Text>미지에게서 도망치지 않고 싸우기로 정했다. 자기에게 닥친 문제를 해결하려고 위험에 몸을 던졌다.</Text>
      <Setting Type="0" Speaker="-1" Background="4" BGM="-1" SFX="-1" />
      <Location Left="100_1_101" Middle="300_1_301" Right="200_1_201" />
      <Effect Fade="-1" Camera="-1" UI="-1" />
      <CharacterEffect LeftEvent="-1" MiddleEvent="-1" RightEvent="-1" />
      <PieceImage PutPicture="-1" />
    </story>
    <story>
      <Text>나도 이 사람들처럼 바뀌고 싶다. </Text>
      <Setting Type="0" Speaker="-1" Background="4" BGM="-1" SFX="-1" />
      <Location Left="100_1_101" Middle="300_1_301" Right="200_1_201" />
      <Effect Fade="-1" Camera="-1" UI="-1" />
      <CharacterEffect LeftEvent="-1" MiddleEvent="-1" RightEvent="-1" />
      <PieceImage PutPicture="-1" />
    </story>
    <story>
      <Text>미지든, 외로움이든. 내게 닥친 무슨 일에서도. </Text>
      <Setting Type="0" Speaker="-1" Background="4" BGM="-1" SFX="-1" />
      <Location Left="100_1_101" Middle="300_1_301" Right="200_1_201" />
      <Effect Fade="-1" Camera="-1" UI="-1" />
      <CharacterEffect LeftEvent="-1" MiddleEvent="-1" RightEvent="-1" />
      <PieceImage PutPicture="-1" />
    </story>
    <story>
      <Text>더는 도망치고 싶지 않았다. </Text>
      <Setting Type="0" Speaker="-1" Background="4" BGM="-1" SFX="-1" />
      <Location Left="100_1_101" Middle="300_1_301" Right="200_1_201" />
      <Effect Fade="-1" Camera="-1" UI="-1" />
      <CharacterEffect LeftEvent="-1" MiddleEvent="-1" RightEvent="-1" />
      <PieceImage PutPicture="-1" />
    </story>
    <story>
      <Text>또다시 후회하지 않기 위해서. </Text>
      <Setting Type="0" Speaker="-1" Background="4" BGM="-1" SFX="-1" />
      <Location Left="100_1_101" Middle="300_1_301" Right="200_1_201" />
      <Effect Fade="-1" Camera="-1" UI="-1" />
      <CharacterEffect LeftEvent="-1" MiddleEvent="-1" RightEvent="-1" />
      <PieceImage PutPicture="-1" />
    </story>
    <story>
      <Text>학생회 명부에 적힌 네 명의 이름. 그 아래 비어있는 한 칸의 여백. </Text>
      <Setting Type="0" Speaker="-1" Background="4" BGM="-1" SFX="-1" />
      <Location Left="100_1_101" Middle="300_1_301" Right="200_1_201" />
      <Effect Fade="-1" Camera="-1" UI="-1" />
      <CharacterEffect LeftEvent="-1" MiddleEvent="-1" RightEvent="-1" />
      <PieceImage PutPicture="-1" />
    </story>
    <story>
      <Text>나는 펜을 들고 그 아래에 내 이름을 적어넣었다. </Text>
      <Setting Type="0" Speaker="-1" Background="4" BGM="-1" SFX="-1" />
      <Location Left="100_1_101" Middle="300_1_301" Right="200_1_201" />
      <Effect Fade="-1" Camera="-1" UI="-1" />
      <CharacterEffect LeftEvent="-1" MiddleEvent="-1" RightEvent="-1" />
      <PieceImage PutPicture="-1" />
    </story>
  </u_story_1>
</Dialogue_1>