﻿<?xml version="1.0" encoding="utf-8" standalone="yes"?>
<SaveInfo>
  <Slot>
    <SaveTime>2023-10-09 22:02:22</SaveTime>
    <PlayTime>00:00:00</PlayTime>
    <Dialogue>Dialogue_1</Dialogue>
    <Title>u_story_1</Title>
    <Chapter>Test 챕터</Chapter>
    <Gold>0</Gold>
    <CaptureName>Save1.png</CaptureName>
    <IsCommunication>True</IsCommunication>
    <DateID>10111</DateID>
  </Slot>
  <Inventory>
    <Item ID="10001" Count="1" />
    <Item ID="10002" Count="1" />
  </Inventory>
  <Memo>
    <Memo DateID="10111" />
  </Memo>
</SaveInfo>