<?xml version="1.0" encoding="UTF-8" standalone="yes"?>
<Dialogue_1 xmlns:xsi="http://www.w3.org/2001/XMLSchema-instance">
  <u_story_1>
		<story>
			<Text>잠에서 깨자, 별 하나 없는 서울의 밤하늘이 보였다.</Text>
			<Setting Type="Text" Speaker="x" Background="1" BGM="x" SFX="x"/>
			<Location Left="x" Middle="x" Right="x"/>
			<Effect Fade="x" Camera="x" UI="x" />
			<CharacterEffect LeftEvent="x" MiddleEvent="x" RightEvent="x"/>
      <PieceImage PutPicture="Paint_1"/>
		</story>
		<story>
			<Text>달도 구름에 가려진 하늘은 한없이 새까맣다.</Text>
			<Setting Type="Text" Speaker="x" Background="1" BGM="x" SFX="x"/>
			<Location Left="x" Middle="x" Right="x"/>
			<Effect Fade="x" Camera="x" UI="x"/>
			<CharacterEffect LeftEvent="x" MiddleEvent="x" RightEvent="x"/>
			<PieceImage PutPicture="Paint_1"/>
		</story>
		<story>
			<Text>어느 것도 반짝이지 않는 아득한 어둠.</Text>
      <Setting Type="Text" Speaker="x" Background="1" BGM="x" SFX="x"/>
      <Location Left="x" Middle="x" Right="x"/>
      <Effect Fade="x" Camera="x" UI="x"/>
      <CharacterEffect LeftEvent="x" MiddleEvent="x" RightEvent="x"/>
      <PieceImage PutPicture="Paint_1"/>
		</story>
		<story>
			<Text>그걸 보고 있는 건, 눈을 감은 것과 뭐가 다를까?</Text>
      <Setting Type="Text" Speaker="x" Background="1" BGM="x" SFX="x"/>
      <Location Left="x" Middle="x" Right="x"/>
      <Effect Fade="x" Camera="x" UI="x"/>
      <CharacterEffect LeftEvent="x" MiddleEvent="x" RightEvent="x"/>
      <PieceImage PutPicture="Paint_1"/>
		</story>
		<story>
      <Text>아...</Text>
      <Setting Type="Text" Speaker="x" Background="1" BGM="x" SFX="x"/>
      <Location Left="x" Middle="x" Right="x"/>
      <Effect Fade="x" Camera="x" UI="x"/>
      <CharacterEffect LeftEvent="x" MiddleEvent="x" RightEvent="x"/>
      <PieceImage PutPicture="Paint_1"/>
		</story>
		<story>
			<Text>“…으윽.”</Text>
      <Setting Type="Text" Speaker="x" Background="1" BGM="x" SFX="x"/>
      <Location Left="x" Middle="x" Right="x"/>
      <Effect Fade="x" Camera="x" UI="x"/>
      <CharacterEffect LeftEvent="x" MiddleEvent="x" RightEvent="x"/>
      <PieceImage PutPicture="Paint_1"/>
		</story>
		<story>
			<Text>잡생각을 멈추고 몸을 일으켰다. 바닥이 딱딱한 곳에서 오래 잔 나머지 등이 살짝 배겼다.</Text>
      <Setting Type="Text" Speaker="x" Background="1" BGM="x" SFX="x"/>
      <Location Left="x" Middle="x" Right="x"/>
      <Effect Fade="x" Camera="x" UI="x"/>
      <CharacterEffect LeftEvent="x" MiddleEvent="x" RightEvent="x"/>
      <PieceImage PutPicture="Paint_1"/>
		</story>
		<story>
			<Text>바닥이 더 푹신하면 좋았겠지만, 멋대로 학교 옥상에서 자면서 불평할 수도 없는 노릇이다.</Text>
      <Setting Type="Text" Speaker="x" Background="1" BGM="x" SFX="x"/>
      <Location Left="x" Middle="x" Right="x"/>
      <Effect Fade="x" Camera="x" UI="x"/>
      <CharacterEffect LeftEvent="x" MiddleEvent="x" RightEvent="x"/>
      <PieceImage PutPicture="Paint_1"/>
		</story>
		<story>
			<Text>가림막 하나 없는 옥상에 쌀쌀한 가을바람이 불었다. 조금 있으면 겨울이라 그런지 바람에 냉기가 느껴진다.</Text>
      <Setting Type="Text" Speaker="x" Background="1" BGM="x" SFX="x"/>
      <Location Left="x" Middle="x" Right="x"/>
      <Effect Fade="x" Camera="x" UI="x"/>
      <CharacterEffect LeftEvent="x" MiddleEvent="x" RightEvent="x"/>
      <PieceImage PutPicture="Paint_1"/>
		</story>
		<story>
			<Text>“슬슬 내려가야겠다.”</Text>
      <Setting Type="Text" Speaker="x" Background="1" BGM="x" SFX="x"/>
      <Location Left="x" Middle="x" Right="x"/>
      <Effect Fade="x" Camera="x" UI="x"/>
      <CharacterEffect LeftEvent="x" MiddleEvent="x" RightEvent="x"/>
      <PieceImage PutPicture="Paint_1"/>
		</story>
		<story>
			<Text>가방을 챙겨 옥상 문을 열고 내려가, 물탱크 사이로 몸을 비집어 넣었다.</Text>
      <Setting Type="Text" Speaker="x" Background="1" BGM="x" SFX="x"/>
      <Location Left="x" Middle="x" Right="x"/>
      <Effect Fade="x" Camera="x" UI="x"/>
      <CharacterEffect LeftEvent="x" MiddleEvent="x" RightEvent="x"/>
      <PieceImage PutPicture="Paint_1"/>
		</story>
		<story>
			<Text>이 학교에 전학을 오고 1년이 지났지만, 유일하게 마음에 든 곳이 여기 옥상이다.</Text>
      <Setting Type="Text" Speaker="x" Background="1" BGM="x" SFX="x"/>
      <Location Left="x" Middle="x" Right="x"/>
      <Effect Fade="x" Camera="x" UI="x"/>
      <CharacterEffect LeftEvent="x" MiddleEvent="x" RightEvent="x"/>
      <PieceImage PutPicture="Paint_1"/>
		</story>
		<story>
			<Text>옥상문을 물탱크 두 개가 가리고 있어서, 다른 사람들은 옥상으로 가는 길이 없는 줄 알고 있다.</Text>
      <Setting Type="Text" Speaker="x" Background="1" BGM="x" SFX="x"/>
      <Location Left="x" Middle="x" Right="x"/>
      <Effect Fade="x" Camera="x" UI="x"/>
      <CharacterEffect LeftEvent="x" MiddleEvent="x" RightEvent="x"/>
      <PieceImage PutPicture="Paint_1"/>
		</story>
		<story>
			<Text>사실 그 뒤는 잠기지도 않은 문이 있는데.</Text>
      <Setting Type="Text" Speaker="x" Background="1" BGM="x" SFX="x"/>
      <Location Left="x" Middle="x" Right="x"/>
      <Effect Fade="x" Camera="x" UI="x"/>
      <CharacterEffect LeftEvent="x" MiddleEvent="x" RightEvent="x"/>
      <PieceImage PutPicture="Paint_1"/>
		</story>
		<story>
			<Text>뭐, 덕분에 내가 전세 내고 잘 쓰고 있다.</Text>
      <Setting Type="Text" Speaker="x" Background="1" BGM="x" SFX="x"/>
      <Location Left="x" Middle="x" Right="x"/>
      <Effect Fade="x" Camera="x" UI="x"/>
      <CharacterEffect LeftEvent="x" MiddleEvent="x" RightEvent="x"/>
      <PieceImage PutPicture="Paint_1"/>
		</story>
		<story>
			<Text>다른 누구 하나도 없는 나 혼자만의 공간.</Text>
      <Setting Type="Text" Speaker="x" Background="1" BGM="x" SFX="x"/>
      <Location Left="x" Middle="x" Right="x"/>
      <Effect Fade="x" Camera="x" UI="x"/>
      <CharacterEffect LeftEvent="x" MiddleEvent="x" RightEvent="x"/>
      <PieceImage PutPicture="Paint_1"/>
		</story>
		<story>
			<Text>괜히 반 애들 눈치 안 봐도 되고, 쉬는 시간에 자는 척하면서 시간 보내지 않아도 돼서 최고다.</Text>
      <Setting Type="Text" Speaker="x" Background="1" BGM="x" SFX="x"/>
      <Location Left="x" Middle="x" Right="x"/>
      <Effect Fade="x" Camera="x" UI="x"/>
      <CharacterEffect LeftEvent="x" MiddleEvent="x" RightEvent="x"/>
      <PieceImage PutPicture="Paint_1"/>
		</story>   
		<story>
			<Text>"끄으응…."</Text>
      <Setting Type="Text" Speaker="x" Background="1" BGM="x" SFX="x"/>
      <Location Left="x" Middle="x" Right="x"/>
      <Effect Fade="x" Camera="x" UI="x"/>
      <CharacterEffect LeftEvent="x" MiddleEvent="x" RightEvent="x"/>
      <PieceImage PutPicture="Paint_1"/>
	</story>
		<story>
			<Text>들어갔다 나오는 게 고생인 것만 빼면.</Text>
      <Setting Type="Text" Speaker="x" Background="1" BGM="x" SFX="x"/>
      <Location Left="x" Middle="x" Right="x"/>
      <Effect Fade="x" Camera="x" UI="x"/>
      <CharacterEffect LeftEvent="x" MiddleEvent="x" RightEvent="x"/>
      <PieceImage PutPicture="Paint_1"/>
		</story>   
		<story>
			<Text>얼굴을 물탱크에 비비며 사이를 빠져나와 조심히 주위를 살폈다.</Text>
      <Setting Type="Text" Speaker="x" Background="1" BGM="x" SFX="x"/>
      <Location Left="x" Middle="x" Right="x"/>
      <Effect Fade="x" Camera="x" UI="x"/>
      <CharacterEffect LeftEvent="x" MiddleEvent="x" RightEvent="x"/>
      <PieceImage PutPicture="Paint_1"/>
		</story>   
		<story>
			<Text>괜히 다른 사람, 특히 선생님이라도 만났다간 골치 아프니까 서둘러야지.</Text>
      <Setting Type="Text" Speaker="x" Background="1" BGM="x" SFX="x"/>
      <Location Left="x" Middle="x" Right="x"/>
      <Effect Fade="x" Camera="x" UI="x"/>
      <CharacterEffect LeftEvent="x" MiddleEvent="x" RightEvent="x"/>
      <PieceImage PutPicture="Paint_1"/>
		</story>   
		<story>
			<Text>조심조심. 발소리도 내지 않고, 아주 조용히 계단을 내려가다가.</Text>
      <Setting Type="Text" Speaker="x" Background="1" BGM="x" SFX="x"/>
      <Location Left="x" Middle="x" Right="x"/>
      <Effect Fade="x" Camera="x" UI="x"/>
      <CharacterEffect LeftEvent="x" MiddleEvent="x" RightEvent="x"/>
      <PieceImage PutPicture="Paint_1"/>
		</story>  
		<story>
			<Text>“어?”</Text>
      <Setting Type="Text" Speaker="x" Background="1" BGM="x" SFX="x"/>
      <Location Left="x" Middle="x" Right="x"/>
      <Effect Fade="x" Camera="x" UI="x"/>
      <CharacterEffect LeftEvent="x" MiddleEvent="x" RightEvent="x"/>
      <PieceImage PutPicture="Paint_1"/>
		</story>  
		<story>
			<Text>“어?”</Text>
      <Setting Type="Text" Speaker="x" Background="1" BGM="x" SFX="x"/>
      <Location Left="x" Middle="x" Right="x"/>
      <Effect Fade="x" Camera="x" UI="x"/>
      <CharacterEffect LeftEvent="x" MiddleEvent="x" RightEvent="x"/>
      <PieceImage PutPicture="Paint_1"/>
		</story>   
		<story>
			<Text>처음 보는 여자애와 마주쳤다.</Text>
      <Setting Type="Text" Speaker="x" Background="1" BGM="x" SFX="x"/>
      <Location Left="x" Middle="x" Right="x"/>
      <Effect Fade="x" Camera="x" UI="x"/>
      <CharacterEffect LeftEvent="x" MiddleEvent="x" RightEvent="x"/>
      <PieceImage PutPicture="Paint_1"/>
		</story>   
		<story>
			<Text>올라가던 여자애와 내려가던 나. 마치 외나무다리에서 만난 것처럼 우리 둘 다 걸음을 우뚝 멈췄다.</Text>
      <Setting Type="Text" Speaker="x" Background="1" BGM="x" SFX="x"/>
      <Location Left="x" Middle="x" Right="x"/>
      <Effect Fade="x" Camera="x" UI="x"/>
      <CharacterEffect LeftEvent="x" MiddleEvent="x" RightEvent="x"/>
      <PieceImage PutPicture="Paint_1"/>
		</story>   
		<story>
			<Text>여자애도 나도. 서로 눈동자로 묻고 있다.</Text>
      <Setting Type="Text" Speaker="x" Background="1" BGM="x" SFX="x"/>
      <Location Left="x" Middle="x" Right="x"/>
      <Effect Fade="x" Camera="x" UI="x"/>
      <CharacterEffect LeftEvent="x" MiddleEvent="x" RightEvent="x"/>
      <PieceImage PutPicture="Paint_1"/>
		</story>
		<story>
			<Text>‘이 사람. 밤에 학교에서 뭐하는 거야…?’</Text>
      <Setting Type="Text" Speaker="x" Background="1" BGM="x" SFX="x"/>
      <Location Left="x" Middle="x" Right="x"/>
      <Effect Fade="x" Camera="x" UI="x"/>
      <CharacterEffect LeftEvent="x" MiddleEvent="x" RightEvent="x"/>
      <PieceImage PutPicture="Paint_1"/>
		</story>     
		<story>
			<Text>뭐, 뭐라고 해야 하지!?</Text>
      <Setting Type="Text" Speaker="x" Background="1" BGM="x" SFX="x"/>
      <Location Left="x" Middle="x" Right="x"/>
      <Effect Fade="x" Camera="x" UI="x"/>
      <CharacterEffect LeftEvent="x" MiddleEvent="x" RightEvent="x"/>
      <PieceImage PutPicture="Paint_1"/>
		</story>   
		<story>
			<Text>옥상에 갔다 왔단 걸 들키면 나만의 공간이 사라지는데!? 좋은 변명 없나!?</Text>
      <Setting Type="Text" Speaker="x" Background="1" BGM="x" SFX="x"/>
      <Location Left="x" Middle="x" Right="x"/>
      <Effect Fade="x" Camera="x" UI="x"/>
      <CharacterEffect LeftEvent="x" MiddleEvent="x" RightEvent="x"/>
      <PieceImage PutPicture="Paint_1"/>
		</story>   
		<story>
			<Text>잔머리가 번뜩이는 대답을 내놨다. 이거면 된다!</Text>
      <Setting Type="Text" Speaker="x" Background="1" BGM="x" SFX="x"/>
      <Location Left="x" Middle="x" Right="x"/>
      <Effect Fade="x" Camera="x" UI="x"/>
      <CharacterEffect LeftEvent="x" MiddleEvent="x" RightEvent="x"/>
      <PieceImage PutPicture="Paint_1"/>
		</story>  
		<story>
			<Text>“그, 학교에 뭘 두고 와서요.”</Text>
      <Setting Type="Text" Speaker="x" Background="1" BGM="x" SFX="x"/>
      <Location Left="x" Middle="x" Right="x"/>
      <Effect Fade="x" Camera="x" UI="x"/>
      <CharacterEffect LeftEvent="x" MiddleEvent="x" RightEvent="x"/>
      <PieceImage PutPicture="Paint_1"/>
		</story>  
		<story>
			<Text>“아하하. 제가 학교에 뭘 두고 와서요.”</Text>
      <Setting Type="Text" Speaker="x" Background="1" BGM="x" SFX="x"/>
      <Location Left="x" Middle="x" Right="x"/>
      <Effect Fade="x" Camera="x" UI="x"/>
      <CharacterEffect LeftEvent="x" MiddleEvent="x" RightEvent="x"/>
      <PieceImage PutPicture="Paint_1"/>
		</story>  
		<story>
			<Text>“.......”</Text>
      <Setting Type="Text" Speaker="x" Background="1" BGM="x" SFX="x"/>
      <Location Left="x" Middle="x" Right="x"/>
      <Effect Fade="x" Camera="x" UI="x"/>
      <CharacterEffect LeftEvent="x" MiddleEvent="x" RightEvent="x"/>
      <PieceImage PutPicture="Paint_1"/>
		</story>  
		<story>
			<Text>“.......”</Text>
      <Setting Type="Text" Speaker="x" Background="1" BGM="x" SFX="x"/>
      <Location Left="x" Middle="x" Right="x"/>
      <Effect Fade="x" Camera="x" UI="x"/>
      <CharacterEffect LeftEvent="x" MiddleEvent="x" RightEvent="x"/>
      <PieceImage PutPicture="Paint_1"/>
		</story>  
		<story>
			<Text>찜찜한 침묵이 계단에 내려앉았다.</Text>
      <Setting Type="Text" Speaker="x" Background="1" BGM="x" SFX="x"/>
      <Location Left="x" Middle="x" Right="x"/>
      <Effect Fade="x" Camera="x" UI="x"/>
      <CharacterEffect LeftEvent="x" MiddleEvent="x" RightEvent="x"/>
      <PieceImage PutPicture="Paint_1"/>
		</story>  
		<story>
			<Text>두 명 모두, 밤늦게 학교에 있을 만한 가장 그럴싸한 이유를 말했는데. 둘 다 ‘거짓말이구나’ 같은 표정을 짓는 건 왜일까.</Text>
      <Setting Type="Text" Speaker="x" Background="1" BGM="x" SFX="x"/>
      <Location Left="x" Middle="x" Right="x"/>
      <Effect Fade="x" Camera="x" UI="x"/>
      <CharacterEffect LeftEvent="x" MiddleEvent="x" RightEvent="x"/>
      <PieceImage PutPicture="Paint_1"/>
		</story>  
		<story>
			<Text>더 대답해도 수상하게 보이겠지.</Text>
      <Setting Type="Text" Speaker="x" Background="1" BGM="x" SFX="x"/>
      <Location Left="x" Middle="x" Right="x"/>
      <Effect Fade="x" Camera="x" UI="x"/>
      <CharacterEffect LeftEvent="x" MiddleEvent="x" RightEvent="x"/>
      <PieceImage PutPicture="Paint_1"/>
		</story>  
		<story>
			<Text>그렇게 생각한 건지 여자애는 어색하게 웃으며 슬금슬금 계단을 올라가려 한다.</Text>
      <Setting Type="Text" Speaker="x" Background="1" BGM="x" SFX="x"/>
      <Location Left="x" Middle="x" Right="x"/>
      <Effect Fade="x" Camera="x" UI="x"/>
      <CharacterEffect LeftEvent="x" MiddleEvent="x" RightEvent="x"/>
      <PieceImage PutPicture="Paint_1"/>
		</story>  
		<story>
			<Text>나도 슬금슬금 옆으로 자리를 피해줬다.</Text>
      <Setting Type="Text" Speaker="x" Background="1" BGM="x" SFX="x"/>
      <Location Left="x" Middle="x" Right="x"/>
      <Effect Fade="x" Camera="x" UI="x"/>
      <CharacterEffect LeftEvent="x" MiddleEvent="x" RightEvent="x"/>
      <PieceImage PutPicture="Paint_1"/>
		</story>  
		<story>
			<Text>어떤 이유에선가 학교에 몰래 가려는 여자애.</Text>
      <Setting Type="Text" Speaker="x" Background="1" BGM="x" SFX="x"/>
      <Location Left="x" Middle="x" Right="x"/>
      <Effect Fade="x" Camera="x" UI="x"/>
      <CharacterEffect LeftEvent="x" MiddleEvent="x" RightEvent="x"/>
      <PieceImage PutPicture="Paint_1"/>
		</story>  
		<story>
			<Text>어떤 이유에선가 몰래 학교를 나가려는 나.</Text>
      <Setting Type="Text" Speaker="x" Background="1" BGM="x" SFX="x"/>
      <Location Left="x" Middle="x" Right="x"/>
      <Effect Fade="x" Camera="x" UI="x"/>
      <CharacterEffect LeftEvent="x" MiddleEvent="x" RightEvent="x"/>
      <PieceImage PutPicture="Paint_1"/>
		</story>  
		<story>
			<Text>서로의 의견이 온전히 합의를 봤다.</Text>
      <Setting Type="Text" Speaker="x" Background="1" BGM="x" SFX="x"/>
      <Location Left="x" Middle="x" Right="x"/>
      <Effect Fade="x" Camera="x" UI="x"/>
      <CharacterEffect LeftEvent="x" MiddleEvent="x" RightEvent="x"/>
      <PieceImage PutPicture="Paint_1"/>
		</story> 
		<story> 
			<Text>나는 그대로 여자애를 지나쳐 계단을 내려갔다.</Text>
      <Setting Type="Text" Speaker="x" Background="1" BGM="x" SFX="x"/>
      <Location Left="x" Middle="x" Right="x"/>
      <Effect Fade="x" Camera="x" UI="x"/>
      <CharacterEffect LeftEvent="x" MiddleEvent="x" RightEvent="x"/>
      <PieceImage PutPicture="Paint_1"/>
		</story> 
		<story>
			<Text>아무래도 좋을. 밤의 우연한 만남.</Text>
      <Setting Type="Text" Speaker="x" Background="1" BGM="x" SFX="x"/>
      <Location Left="x" Middle="x" Right="x"/>
      <Effect Fade="x" Camera="x" UI="x"/>
      <CharacterEffect LeftEvent="x" MiddleEvent="x" RightEvent="x"/>
      <PieceImage PutPicture="Paint_1"/>
		</story> 
		<story>
			<Text>머리 한구석에 버리듯 넣어져, 다시는 찾지 않게 될 기억이라고 생각했다.</Text>
      <Setting Type="Text" Speaker="x" Background="1" BGM="x" SFX="x"/>
      <Location Left="x" Middle="x" Right="x"/>
      <Effect Fade="x" Camera="x" UI="x"/>
      <CharacterEffect LeftEvent="x" MiddleEvent="x" RightEvent="x"/>
      <PieceImage PutPicture="Paint_1"/>
		</story> 
		<story>
			<Text>하지만 옷깃만 스쳐도 인연이라고.</Text>
      <Setting Type="Text" Speaker="x" Background="1" BGM="x" SFX="x"/>
      <Location Left="x" Middle="x" Right="x"/>
      <Effect Fade="x" Camera="x" UI="x"/>
      <CharacterEffect LeftEvent="x" MiddleEvent="x" RightEvent="x"/>
      <PieceImage PutPicture="Paint_1"/>
		</story> 
		<story>
			<Text>그 여자애를 다시 만나게 된 건, 12월. 어느 겨울의 밤이었다.</Text>
      <Setting Type="Text" Speaker="x" Background="1" BGM="x" SFX="x"/>
      <Location Left="x" Middle="x" Right="x"/>
      <Effect Fade="x" Camera="x" UI="x"/>
      <CharacterEffect LeftEvent="x" MiddleEvent="x" RightEvent="x"/>
      <PieceImage PutPicture="Paint_1"/>
		</story>
		<story>
			<Text>공포영화를 보다 보면 항상 드는 생각이 있었다.</Text>
      <Setting Type="Text" Speaker="x" Background="2" BGM="x" SFX="x"/>
      <Location Left="x" Middle="x" Right="x"/>
      <Effect Fade="x" Camera="x" UI="x"/>
      <CharacterEffect LeftEvent="x" MiddleEvent="x" RightEvent="x"/>
      <PieceImage PutPicture="Paint_1"/>
		</story>  
		<story>
			<Text>저주받은 물건을 주워서 귀신이 들러붙거나, 미친 살인마의 표적이 돼서 살아남으려는 주인공을 볼 때 떠오르는 당연한 의문.</Text>
      <Setting Type="Text" Speaker="x" Background="2" BGM="x" SFX="x"/>
      <Location Left="x" Middle="x" Right="x"/>
      <Effect Fade="x" Camera="x" UI="x"/>
      <CharacterEffect LeftEvent="x" MiddleEvent="x" RightEvent="x"/>
      <PieceImage PutPicture="Paint_1"/>
		</story>  
		<story>
			<Text>저 정도면 그냥 죽는 게 편한 거 아니야?</Text>
      <Setting Type="Text" Speaker="x" Background="2" BGM="x" SFX="x"/>
      <Location Left="x" Middle="x" Right="x"/>
      <Effect Fade="x" Camera="x" UI="x"/>
      <CharacterEffect LeftEvent="x" MiddleEvent="x" RightEvent="x"/>
      <PieceImage PutPicture="Paint_1"/>
		</story>  
		<story>
			<Text>그런 상황에서 주인공처럼 아득바득 살아남으려고 노력하는 게 맞는 걸까.</Text>
      <Setting Type="Text" Speaker="x" Background="2" BGM="x" SFX="x"/>
      <Location Left="x" Middle="x" Right="x"/>
      <Effect Fade="x" Camera="x" UI="x"/>
      <CharacterEffect LeftEvent="x" MiddleEvent="x" RightEvent="x"/>
      <PieceImage PutPicture="Paint_1"/>
		</story> 
		<story>
			<Text>권총을 구하거나, 높은 빌딩이라도 올라가서 이승에서 긴급탈출하는 게 차라리 더 낫잖아?</Text>
      <Setting Type="Text" Speaker="x" Background="2" BGM="x" SFX="x"/>
      <Location Left="x" Middle="x" Right="x"/>
      <Effect Fade="x" Camera="x" UI="x"/>
      <CharacterEffect LeftEvent="x" MiddleEvent="x" RightEvent="x"/>
      <PieceImage PutPicture="Paint_1"/>
		</story> 
		<story>
			<Text>사람은 죽으면 끝이니까.</Text>
      <Setting Type="Text" Speaker="x" Background="2" BGM="x" SFX="x"/>
      <Location Left="x" Middle="x" Right="x"/>
      <Effect Fade="x" Camera="x" UI="x"/>
      <CharacterEffect LeftEvent="x" MiddleEvent="x" RightEvent="x"/>
      <PieceImage PutPicture="Paint_1"/>
		</story> 
		<story>
			<Text>죽은 사람은 말할 수도 없고, 생각할 수도 없다. 죽고 나면 현실의 모든 일은 나하곤 상관 없는 일이다.</Text>
      <Setting Type="Text" Speaker="x" Background="2" BGM="x" SFX="x"/>
      <Location Left="x" Middle="x" Right="x"/>
      <Effect Fade="x" Camera="x" UI="x"/>
      <CharacterEffect LeftEvent="x" MiddleEvent="x" RightEvent="x"/>
      <PieceImage PutPicture="Paint_1"/>
		</story> 
		<story>
			<Text>그렇게 생각해서인지 공포영화엔 도저히 몰입이 안 되더라.</Text>
      <Setting Type="Text" Speaker="x" Background="2" BGM="x" SFX="x"/>
      <Location Left="x" Middle="x" Right="x"/>
      <Effect Fade="x" Camera="x" UI="x"/>
      <CharacterEffect LeftEvent="x" MiddleEvent="x" RightEvent="x"/>
      <PieceImage PutPicture="Paint_1"/>
		</story>
		<story>
			<Text>만약에 내가 영화 주인공이었다면 러닝타임은 30분도 안 됐을 거다.</Text>
      <Setting Type="Text" Speaker="x" Background="2" BGM="x" SFX="x"/>
      <Location Left="x" Middle="x" Right="x"/>
      <Effect Fade="x" Camera="x" UI="x"/>
      <CharacterEffect LeftEvent="x" MiddleEvent="x" RightEvent="x"/>
      <PieceImage PutPicture="Paint_1"/>
		</story>
		<story>
			<Text>‘이건 좀 아니잖아!’라는 생각이 든 순간. 난 주저없이 이승 탈출 버튼을 눌렀을 테니까.</Text>
      <Setting Type="Text" Speaker="x" Background="2" BGM="x" SFX="x"/>
      <Location Left="x" Middle="x" Right="x"/>
      <Effect Fade="x" Camera="x" UI="x"/>
      <CharacterEffect LeftEvent="x" MiddleEvent="x" RightEvent="x"/>
      <PieceImage PutPicture="Paint_1"/>
		</story>
		<story>
			<Text>…라고 생각했는데.</Text>
      <Setting Type="Text" Speaker="x" Background="2" BGM="x" SFX="x"/>
      <Location Left="x" Middle="x" Right="x"/>
      <Effect Fade="x" Camera="x" UI="x"/>
      <CharacterEffect LeftEvent="x" MiddleEvent="x" RightEvent="x"/>
      <PieceImage PutPicture="Paint_1"/>
		</story>
		<story>
			<Text>세상일은 직접 겪기 전까지는 모르는 법이었다.</Text>
      <Setting Type="Text" Speaker="x" Background="2" BGM="x" SFX="x"/>
      <Location Left="x" Middle="x" Right="x"/>
      <Effect Fade="x" Camera="x" UI="x"/>
      <CharacterEffect LeftEvent="x" MiddleEvent="x" RightEvent="x"/>
      <PieceImage PutPicture="Paint_1"/>
		</story>
		<story>
			<Text>얼음 같은 공기가 목구멍을 찔러서 피 비린 맛이 느껴진다. 차가운 바람 때문에 귀와 코는 찢어질 것 같고, 쉬지도 못한 폐와 심장이 터질 듯이 아프다.</Text>
      <Setting Type="Text" Speaker="x" Background="2" BGM="x" SFX="x"/>
      <Location Left="x" Middle="x" Right="x"/>
      <Effect Fade="x" Camera="x" UI="x"/>
      <CharacterEffect LeftEvent="x" MiddleEvent="x" RightEvent="x"/>
      <PieceImage PutPicture="Paint_1"/>
		</story>
		<story>
			<Text>그래도 나는 뛰고 있었다. 12월의 겨울밤에 머리에서 김이 날 만큼 뛰고 있었다.</Text>
      <Setting Type="Text" Speaker="x" Background="2" BGM="x" SFX="x"/>
      <Location Left="x" Middle="x" Right="x"/>
      <Effect Fade="x" Camera="x" UI="x"/>
      <CharacterEffect LeftEvent="x" MiddleEvent="x" RightEvent="x"/>
      <PieceImage PutPicture="Paint_1"/>
		</story>
		<story>
			<Text>아득바득 살아남으려고.</Text>
      <Setting Type="Text" Speaker="x" Background="2" BGM="x" SFX="x"/>
      <Location Left="x" Middle="x" Right="x"/>
      <Effect Fade="x" Camera="x" UI="x"/>
      <CharacterEffect LeftEvent="x" MiddleEvent="x" RightEvent="x"/>
      <PieceImage PutPicture="Paint_1"/>
		</story>
		<story>
			<Text>고개를 돌려 뒤를 돌아봤다. 어쩌면 없어졌을까 하는 희망을 담아서.</Text>
      <Setting Type="Text" Speaker="x" Background="2" BGM="x" SFX="x"/>
      <Location Left="x" Middle="x" Right="x"/>
      <Effect Fade="x" Camera="x" UI="x"/>
      <CharacterEffect LeftEvent="x" MiddleEvent="x" RightEvent="x"/>
      <PieceImage PutPicture="Paint_1"/>
		</story>
		<story>
			<Text>온몸이 뜨거운 땀에 젖었는데도, 등골이 차갑게 식었다.</Text>
      <Setting Type="Text" Speaker="x" Background="2" BGM="x" SFX="x"/>
      <Location Left="x" Middle="x" Right="x"/>
      <Effect Fade="x" Camera="x" UI="x"/>
      <CharacterEffect LeftEvent="x" MiddleEvent="x" RightEvent="x"/>
      <PieceImage PutPicture="Paint_1"/>
		</story>
		<story>
			<Text>그건 여전히 날 쫓아오고 있었다.</Text>
      <Setting Type="Text" Speaker="x" Background="2" BGM="x" SFX="x"/>
      <Location Left="x" Middle="x" Right="x"/>
      <Effect Fade="x" Camera="x" UI="x"/>
      <CharacterEffect LeftEvent="x" MiddleEvent="x" RightEvent="x"/>
      <PieceImage PutPicture="Paint_1"/>
		</story>
		<story>
			<Text>“----!!!”</Text>
      <Setting Type="Text" Speaker="x" Background="2" BGM="x" SFX="x"/>
      <Location Left="x" Middle="x" Right="x"/>
      <Effect Fade="x" Camera="x" UI="x"/>
      <CharacterEffect LeftEvent="x" MiddleEvent="x" RightEvent="x"/>
      <PieceImage PutPicture="Paint_1"/>
		</story>
		<story>
			<Text>사람의 얼굴이지만 여섯 개의 눈이 달린 거미 괴물.</Text>
      <Setting Type="Text" Speaker="x" Background="2" BGM="x" SFX="x"/>
      <Location Left="x" Middle="x" Right="x"/>
      <Effect Fade="x" Camera="x" UI="x"/>
      <CharacterEffect LeftEvent="x" MiddleEvent="x" RightEvent="x"/>
      <PieceImage PutPicture="Paint_1"/>
		</story>
		<story>
			<Text>커다란 이빨을 까득까득 부딪히며, 여러 개의 팔다리를 파닥거리고 나를 향해 뛰어온다.</Text>
      <Setting Type="Text" Speaker="x" Background="2" BGM="x" SFX="x"/>
      <Location Left="x" Middle="x" Right="x"/>
      <Effect Fade="x" Camera="x" UI="x"/>
      <CharacterEffect LeftEvent="x" MiddleEvent="x" RightEvent="x"/>
      <PieceImage PutPicture="Paint_1"/>
		</story>
		<story>
			<Text>대체 저딴 게 갑자기 어디서 튀어나온 거야? 왜 나를 노리는 거냐고!?</Text>
      <Setting Type="Text" Speaker="x" Background="2" BGM="x" SFX="x"/>
      <Location Left="x" Middle="x" Right="x"/>
      <Effect Fade="x" Camera="x" UI="x"/>
      <CharacterEffect LeftEvent="x" MiddleEvent="x" RightEvent="x"/>
      <PieceImage PutPicture="Paint_1"/>
		</story>
		<story>
			<Text>정체가 뭔데!? 비밀스러운 실험실에서 탈출한 괴물이냐? 아니면 저주받은 영상에 담긴 귀신?</Text>
      <Setting Type="Text" Speaker="x" Background="2" BGM="x" SFX="x"/>
      <Location Left="x" Middle="x" Right="x"/>
      <Effect Fade="x" Camera="x" UI="x"/>
      <CharacterEffect LeftEvent="x" MiddleEvent="x" RightEvent="x"/>
      <PieceImage PutPicture="Paint_1"/>
		</story>
		<story>
			<Text>하도 달린 탓에 머리가 정신없이 빙빙 돈다.</Text>
      <Setting Type="Text" Speaker="x" Background="2" BGM="x" SFX="x"/>
      <Location Left="x" Middle="x" Right="x"/>
      <Effect Fade="x" Camera="x" UI="x"/>
      <CharacterEffect LeftEvent="x" MiddleEvent="x" RightEvent="x"/>
      <PieceImage PutPicture="Paint_1"/>
		</story>
		<story>
			<Text>어지럽다.</Text>
      <Setting Type="Text" Speaker="x" Background="2" BGM="x" SFX="x"/>
      <Location Left="x" Middle="x" Right="x"/>
      <Effect Fade="x" Camera="x" UI="x"/>
      <CharacterEffect LeftEvent="x" MiddleEvent="x" RightEvent="x"/>
      <PieceImage PutPicture="Paint_1"/>
		</story>
		<story>
			<Text>밤이라 주위는 깜깜하고 무작정 뛰어대서 여기가 어딘지도 모르겠다.</Text>
      <Setting Type="Text" Speaker="x" Background="2" BGM="x" SFX="x"/>
      <Location Left="x" Middle="x" Right="x"/>
      <Effect Fade="x" Camera="x" UI="x"/>
      <CharacterEffect LeftEvent="x" MiddleEvent="x" RightEvent="x"/>
      <PieceImage PutPicture="Paint_1"/>
		</story>
		<story>
			<Text>애초에 난 왜 도망가는 거야? 잡혀봤자 죽기밖에 더 하겠어? 그냥 편해지면 그만이잖아.</Text>
      <Setting Type="Text" Speaker="x" Background="2" BGM="x" SFX="x"/>
      <Location Left="x" Middle="x" Right="x"/>
      <Effect Fade="x" Camera="x" UI="x"/>
      <CharacterEffect LeftEvent="x" MiddleEvent="x" RightEvent="x"/>
      <PieceImage PutPicture="Paint_1"/>
		</story>
		<story>
			<Text>그런데 어째선가 다리를 멈출 수가 없다. 어떻게든 좀 더 살아남으려고 폐를 쥐어짜게 된다.</Text>
      <Setting Type="Text" Speaker="x" Background="2" BGM="x" SFX="x"/>
      <Location Left="x" Middle="x" Right="x"/>
      <Effect Fade="x" Camera="x" UI="x"/>
      <CharacterEffect LeftEvent="x" MiddleEvent="x" RightEvent="x"/>
      <PieceImage PutPicture="Paint_1"/>
		</story>
		<story>
			<Text>뒤에서 쫓아오는 괴물의 발소리에서 멀어지려고 죽기 살기로 뛰었다.</Text>
      <Setting Type="Text" Speaker="x" Background="2" BGM="x" SFX="x"/>
      <Location Left="x" Middle="x" Right="x"/>
      <Effect Fade="x" Camera="x" UI="x"/>
      <CharacterEffect LeftEvent="x" MiddleEvent="x" RightEvent="x"/>
      <PieceImage PutPicture="Paint_1"/>
		</story>
		<story>
			<Text>하지만 그것도 한계였다.</Text>
      <Setting Type="Text" Speaker="x" Background="2" BGM="x" SFX="x"/>
      <Location Left="x" Middle="x" Right="x"/>
      <Effect Fade="x" Camera="x" UI="x"/>
      <CharacterEffect LeftEvent="x" MiddleEvent="x" RightEvent="x"/>
      <PieceImage PutPicture="Paint_1"/>
		</story>
		<story>
			<Text>머리가 아무리 뛰라고 외쳐도, 다리는 더 달릴 수 없었다.</Text>
      <Setting Type="Text" Speaker="x" Background="2" BGM="x" SFX="x"/>
      <Location Left="x" Middle="x" Right="x"/>
      <Effect Fade="x" Camera="x" UI="x"/>
      <CharacterEffect LeftEvent="x" MiddleEvent="x" RightEvent="x"/>
      <PieceImage PutPicture="Paint_1"/>
		</story>
		<story>
			<Text>바닥을 헛디디는 감각과 함께 앞으로 넘어졌다.</Text>
      <Setting Type="Text" Speaker="x" Background="2" BGM="x" SFX="x"/>
      <Location Left="x" Middle="x" Right="x"/>
      <Effect Fade="x" Camera="x" UI="x"/>
      <CharacterEffect LeftEvent="x" MiddleEvent="x" RightEvent="x"/>
      <PieceImage PutPicture="Paint_1"/>
		</story>
		<story>
			<Text>“끄으….”</Text>
      <Setting Type="Text" Speaker="x" Background="2" BGM="x" SFX="x"/>
      <Location Left="x" Middle="x" Right="x"/>
      <Effect Fade="x" Camera="x" UI="x"/>
      <CharacterEffect LeftEvent="x" MiddleEvent="x" RightEvent="x"/>
      <PieceImage PutPicture="Paint_1"/>
		</story>
		<story>
			<Text>턱이 아프다.</Text>
      <Setting Type="Text" Speaker="x" Background="2" BGM="x" SFX="x"/>
      <Location Left="x" Middle="x" Right="x"/>
      <Effect Fade="x" Camera="x" UI="x"/>
      <CharacterEffect LeftEvent="x" MiddleEvent="x" RightEvent="x"/>
      <PieceImage PutPicture="Paint_1"/>
		</story>
		<story>
			<Text>시멘트 바닥에 찧었는지 입 안에 고인 비릿한 맛이 속을 뒤집는다.</Text>
      <Setting Type="Text" Speaker="x" Background="2" BGM="x" SFX="x"/>
      <Location Left="x" Middle="x" Right="x"/>
      <Effect Fade="x" Camera="x" UI="x"/>
      <CharacterEffect LeftEvent="x" MiddleEvent="x" RightEvent="x"/>
      <PieceImage PutPicture="Paint_1"/>
		</story>
		<story>
			<Text>다시 일어나야 하는데.</Text>
      <Setting Type="Text" Speaker="x" Background="2" BGM="x" SFX="x"/>
      <Location Left="x" Middle="x" Right="x"/>
      <Effect Fade="x" Camera="x" UI="x"/>
      <CharacterEffect LeftEvent="x" MiddleEvent="x" RightEvent="x"/>
      <PieceImage PutPicture="Paint_1"/>
		</story>
		<story>
			<Text>발이 움직이질 않는다.</Text>
      <Setting Type="Text" Speaker="x" Background="2" BGM="x" SFX="x"/>
      <Location Left="x" Middle="x" Right="x"/>
      <Effect Fade="x" Camera="x" UI="x"/>
      <CharacterEffect LeftEvent="x" MiddleEvent="x" RightEvent="x"/>
      <PieceImage PutPicture="Paint_1"/>
		</story>
		<story>
			<Text>괴물의 손 중 하나가 내 발목을 잡고 있다. 괴물은 나를 노려보고 입이 찢어지라 웃었다.</Text>
      <Setting Type="Text" Speaker="x" Background="2" BGM="x" SFX="x"/>
      <Location Left="x" Middle="x" Right="x"/>
      <Effect Fade="x" Camera="x" UI="x"/>
      <CharacterEffect LeftEvent="x" MiddleEvent="x" RightEvent="x"/>
      <PieceImage PutPicture="Paint_1"/>
		</story>
		<story>
			<Text>술래잡기가 끝났다.</Text>
      <Setting Type="Text" Speaker="x" Background="2" BGM="x" SFX="x"/>
      <Location Left="x" Middle="x" Right="x"/>
      <Effect Fade="x" Camera="x" UI="x"/>
      <CharacterEffect LeftEvent="x" MiddleEvent="x" RightEvent="x"/>
      <PieceImage PutPicture="Paint_1"/>
		</story>
		<story>
			<Text>그렇다면 남은 건.</Text>
      <Setting Type="Text" Speaker="x" Background="2" BGM="x" SFX="x"/>
      <Location Left="x" Middle="x" Right="x"/>
      <Effect Fade="x" Camera="x" UI="x"/>
      <CharacterEffect LeftEvent="x" MiddleEvent="x" RightEvent="x"/>
      <PieceImage PutPicture="Paint_1"/>
		</story>
		<story>
			<Text>공포영화의 한 장면이 눈 앞에 펼쳐진다.</Text>
      <Setting Type="Text" Speaker="x" Background="2" BGM="x" SFX="x"/>
      <Location Left="x" Middle="x" Right="x"/>
      <Effect Fade="x" Camera="x" UI="x"/>
      <CharacterEffect LeftEvent="x" MiddleEvent="x" RightEvent="x"/>
      <PieceImage PutPicture="Paint_1"/>
		</story>
		<story>
			<Text>희생양을 한입에 삼켜버릴 크기의 커다란 입.</Text>
      <Setting Type="Text" Speaker="x" Background="2" BGM="x" SFX="x"/>
      <Location Left="x" Middle="x" Right="x"/>
      <Effect Fade="x" Camera="x" UI="x"/>
      <CharacterEffect LeftEvent="x" MiddleEvent="x" RightEvent="x"/>
      <PieceImage PutPicture="Paint_1"/>
		</story>
		<story>
			<Text>괴물의 입이 만든 그림자가 날 덧씌웠다.</Text>
      <Setting Type="Text" Speaker="x" Background="2" BGM="x" SFX="x"/>
      <Location Left="x" Middle="x" Right="x"/>
      <Effect Fade="x" Camera="x" UI="x"/>
      <CharacterEffect LeftEvent="x" MiddleEvent="x" RightEvent="x"/>
      <PieceImage PutPicture="Paint_1"/>
		</story>
		<story>
			<Text>…나. 죽는구나.</Text>
      <Setting Type="Text" Speaker="x" Background="2" BGM="x" SFX="x"/>
      <Location Left="x" Middle="x" Right="x"/>
      <Effect Fade="x" Camera="x" UI="x"/>
      <CharacterEffect LeftEvent="x" MiddleEvent="x" RightEvent="x"/>
      <PieceImage PutPicture="Paint_1"/>
		</story>
		<story>
			<Text>내가 죽고 나면 어떻게 될까.</Text>
      <Setting Type="Text" Speaker="x" Background="2" BGM="x" SFX="x"/>
      <Location Left="x" Middle="x" Right="x"/>
      <Effect Fade="x" Camera="x" UI="x"/>
      <CharacterEffect LeftEvent="x" MiddleEvent="x" RightEvent="x"/>
      <PieceImage PutPicture="Paint_1"/>
		</story>
		<story>
			<Text>고등학교 2학년 남자애의 이른 장례식이 되겠지.</Text>
      <Setting Type="Text" Speaker="x" Background="2" BGM="x" SFX="x"/>
      <Location Left="x" Middle="x" Right="x"/>
      <Effect Fade="x" Camera="x" UI="x"/>
      <CharacterEffect LeftEvent="x" MiddleEvent="x" RightEvent="x"/>
      <PieceImage PutPicture="Paint_1"/>
		</story>
		<story>
			<Text>담임선생님이 데려온 같은 반 애들이 조문객으로 올 거고.</Text>
      <Setting Type="Text" Speaker="x" Background="2" BGM="x" SFX="x"/>
      <Location Left="x" Middle="x" Right="x"/>
      <Effect Fade="x" Camera="x" UI="x"/>
      <CharacterEffect LeftEvent="x" MiddleEvent="x" RightEvent="x"/>
      <PieceImage PutPicture="Paint_1"/>
		</story>
		<story>
			<Text>다들 슬픈 표정을 지으며 내 영정을 보고 가겠지만..</Text>
      <Setting Type="Text" Speaker="x" Background="2" BGM="x" SFX="x"/>
      <Location Left="x" Middle="x" Right="x"/>
      <Effect Fade="x" Camera="x" UI="x"/>
      <CharacterEffect LeftEvent="x" MiddleEvent="x" RightEvent="x"/>
      <PieceImage PutPicture="Paint_1"/>
		</story>
		<story>
			<Text>아마 누구도 울지 않겠지. 진심으로 슬퍼하는 사람은 없으니까.</Text>
      <Setting Type="Text" Speaker="x" Background="2" BGM="x" SFX="x"/>
      <Location Left="x" Middle="x" Right="x"/>
      <Effect Fade="x" Camera="x" UI="x"/>
      <CharacterEffect LeftEvent="x" MiddleEvent="x" RightEvent="x"/>
      <PieceImage PutPicture="Paint_1"/>
		</story>
		<story>
			<Text>반에서 혼자 놀던 나다운 장례식일 거다.</Text>
      <Setting Type="Text" Speaker="x" Background="2" BGM="x" SFX="x"/>
      <Location Left="x" Middle="x" Right="x"/>
      <Effect Fade="x" Camera="x" UI="x"/>
      <CharacterEffect LeftEvent="x" MiddleEvent="x" RightEvent="x"/>
      <PieceImage PutPicture="Paint_1"/>
		</story>
		<story>
			<Text>전학을 온지 1년이 지날 동안 누구하고도 친해지지 못 한 나다운 마지막이다.</Text>
      <Setting Type="Text" Speaker="x" Background="2" BGM="x" SFX="x"/>
      <Location Left="x" Middle="x" Right="x"/>
      <Effect Fade="x" Camera="x" UI="x"/>
      <CharacterEffect LeftEvent="x" MiddleEvent="x" RightEvent="x"/>
      <PieceImage PutPicture="Paint_1"/>
		</story>
		<story>
			<Text>그래봤자 나는 이미 죽었는데 무슨 의미가 있을까.</Text>
      <Setting Type="Text" Speaker="x" Background="2" BGM="x" SFX="x"/>
      <Location Left="x" Middle="x" Right="x"/>
      <Effect Fade="x" Camera="x" UI="x"/>
      <CharacterEffect LeftEvent="x" MiddleEvent="x" RightEvent="x"/>
      <PieceImage PutPicture="Paint_1"/>
		</story>
		<story>
			<Text>쟤네들이 슬퍼하던, 웃어 재끼던 나는 관 안에서 잠들어있는데.</Text>
      <Setting Type="Text" Speaker="x" Background="2" BGM="x" SFX="x"/>
      <Location Left="x" Middle="x" Right="x"/>
      <Effect Fade="x" Camera="x" UI="x"/>
      <CharacterEffect LeftEvent="x" MiddleEvent="x" RightEvent="x"/>
      <PieceImage PutPicture="Paint_1"/>
		</story>
		<story>
			<Text>나하고 아무 상관 없는 일이잖아.</Text>
      <Setting Type="Text" Speaker="x" Background="2" BGM="x" SFX="x"/>
      <Location Left="x" Middle="x" Right="x"/>
      <Effect Fade="x" Camera="x" UI="x"/>
      <CharacterEffect LeftEvent="x" MiddleEvent="x" RightEvent="x"/>
      <PieceImage PutPicture="Paint_1"/>
		</story>
		<story>
			<Text>그래. 분명 그랬을 텐데. 그렇게 생각했는데.</Text>
      <Setting Type="Text" Speaker="x" Background="2" BGM="x" SFX="x"/>
      <Location Left="x" Middle="x" Right="x"/>
      <Effect Fade="x" Camera="x" UI="x"/>
      <CharacterEffect LeftEvent="x" MiddleEvent="x" RightEvent="x"/>
      <PieceImage PutPicture="Paint_1"/>
		</story>
		<story>
			<Text>나는 왜 외롭다고 느끼는 걸까.</Text>
      <Setting Type="Text" Speaker="x" Background="2" BGM="x" SFX="x"/>
      <Location Left="x" Middle="x" Right="x"/>
      <Effect Fade="x" Camera="x" UI="x"/>
      <CharacterEffect LeftEvent="x" MiddleEvent="x" RightEvent="x"/>
      <PieceImage PutPicture="Paint_1"/>
		</story>
		<story>
			<Text>난 어째서 후회하고 있는 걸까.</Text>
      <Setting Type="Text" Speaker="x" Background="2" BGM="x" SFX="x"/>
      <Location Left="x" Middle="x" Right="x"/>
      <Effect Fade="x" Camera="x" UI="x"/>
      <CharacterEffect LeftEvent="x" MiddleEvent="x" RightEvent="x"/>
      <PieceImage PutPicture="Paint_1"/>
		</story>
		<story>
			<Text>이빨이 다가오는 걸 마지막으로 보며 눈을 감았다.</Text>
      <Setting Type="Text" Speaker="x" Background="2" BGM="x" SFX="x"/>
      <Location Left="x" Middle="x" Right="x"/>
      <Effect Fade="x" Camera="x" UI="x"/>
      <CharacterEffect LeftEvent="x" MiddleEvent="x" RightEvent="x"/>
      <PieceImage PutPicture="Paint_1"/>
		</story>
		<story>
			<Text>"쾅"</Text>
      <Setting Type="Text" Speaker="x" Background="2" BGM="x" SFX="x"/>
      <Location Left="x" Middle="x" Right="x"/>
      <Effect Fade="x" Camera="x" UI="x"/>
      <CharacterEffect LeftEvent="x" MiddleEvent="x" RightEvent="x"/>
      <PieceImage PutPicture="Paint_1"/>
		</story>
		<story>
			<Text>“우와악!?”</Text>
      <Setting Type="Text" Speaker="x" Background="2" BGM="x" SFX="x"/>
      <Location Left="x" Middle="x" Right="x"/>
      <Effect Fade="x" Camera="x" UI="x"/>
      <CharacterEffect LeftEvent="x" MiddleEvent="x" RightEvent="x"/>
      <PieceImage PutPicture="Paint_1"/>
		</story>
		<story>
			<Text>엄청난 소리에 놀라 눈을 떴다.</Text>
      <Setting Type="Text" Speaker="x" Background="2" BGM="x" SFX="x"/>
      <Location Left="x" Middle="x" Right="x"/>
      <Effect Fade="x" Camera="x" UI="x"/>
      <CharacterEffect LeftEvent="x" MiddleEvent="x" RightEvent="x"/>
      <PieceImage PutPicture="Paint_1"/>
		</story>
		<story>
			<Text>피어오른 먼지구름 사이로 누군가의 실루엣이 보였다.</Text>
      <Setting Type="Text" Speaker="x" Background="2" BGM="x" SFX="x"/>
      <Location Left="x" Middle="x" Right="x"/>
      <Effect Fade="x" Camera="x" UI="x"/>
      <CharacterEffect LeftEvent="x" MiddleEvent="x" RightEvent="x"/>
      <PieceImage PutPicture="Paint_1"/>
		</story>
		<story>
			<Text>눈에 익은 고등학교 교복을 입은 여자애.</Text>
      <Setting Type="Text" Speaker="x" Background="2" BGM="x" SFX="x"/>
      <Location Left="x" Middle="x" Right="x"/>
      <Effect Fade="x" Camera="x" UI="x"/>
      <CharacterEffect LeftEvent="x" MiddleEvent="x" RightEvent="x"/>
      <PieceImage PutPicture="Paint_1"/>
		</story>
		<story>
			<Text>하지만 손에 들린 두 개의 단검이 괴리감을 자아낸다.</Text>
      <Setting Type="Text" Speaker="x" Background="2" BGM="x" SFX="x"/>
      <Location Left="x" Middle="x" Right="x"/>
      <Effect Fade="x" Camera="x" UI="x"/>
      <CharacterEffect LeftEvent="x" MiddleEvent="x" RightEvent="x"/>
      <PieceImage PutPicture="Paint_1"/>
		</story>
		<story>
			<Text>그 기묘한 상황에서도 머리는 기억 속에 있던여자애의 얼굴을 떠올렸다.</Text>
      <Setting Type="Text" Speaker="x" Background="2" BGM="x" SFX="x"/>
      <Location Left="x" Middle="x" Right="x"/>
      <Effect Fade="x" Camera="x" UI="x"/>
      <CharacterEffect LeftEvent="x" MiddleEvent="x" RightEvent="x"/>
      <PieceImage PutPicture="Paint_1"/>
		</story>
		<story>
			<Text>몇 주 전 밤. 계단에서 마주쳤던 그 여자애다.</Text>
      <Setting Type="Text" Speaker="x" Background="2" BGM="x" SFX="x"/>
      <Location Left="x" Middle="x" Right="x"/>
      <Effect Fade="x" Camera="x" UI="x"/>
      <CharacterEffect LeftEvent="x" MiddleEvent="x" RightEvent="x"/>
      <PieceImage PutPicture="Paint_1"/>
		</story>
		<story>
			<Text>“빨리 도망쳐요. 아직 안 끝났으니까.”</Text>
      <Setting Type="Text" Speaker="x" Background="2" BGM="x" SFX="x"/>
      <Location Left="x" Middle="x" Right="x"/>
      <Effect Fade="x" Camera="x" UI="x"/>
      <CharacterEffect LeftEvent="x" MiddleEvent="x" RightEvent="x"/>
      <PieceImage PutPicture="Paint_1"/>
		</story>
		<story>
			<Text>“…저렇게 큰 건 처음 보는데.”</Text>
      <Setting Type="Text" Speaker="x" Background="2" BGM="x" SFX="x"/>
      <Location Left="x" Middle="x" Right="x"/>
      <Effect Fade="x" Camera="x" UI="x"/>
      <CharacterEffect LeftEvent="x" MiddleEvent="x" RightEvent="x"/>
      <PieceImage PutPicture="Paint_1"/>
		</story>
		<story>
			<Text>여자애는 혼잣말을 중얼거리곤 괴물을 향해 뛰쳐나간다.</Text>
      <Setting Type="Text" Speaker="x" Background="2" BGM="x" SFX="x"/>
      <Location Left="x" Middle="x" Right="x"/>
      <Effect Fade="x" Camera="x" UI="x"/>
      <CharacterEffect LeftEvent="x" MiddleEvent="x" RightEvent="x"/>
      <PieceImage PutPicture="Paint_1"/>
		</story>
		<story>
			<Text>괴물도 여자애를 눈치채고는 다시 일어나 달려들었다.</Text>
      <Setting Type="Text" Speaker="x" Background="2" BGM="x" SFX="x"/>
      <Location Left="x" Middle="x" Right="x"/>
      <Effect Fade="x" Camera="x" UI="x"/>
      <CharacterEffect LeftEvent="x" MiddleEvent="x" RightEvent="x"/>
      <PieceImage PutPicture="Paint_1"/>
		</story>
		<story>
			<Text>여자애는 가볍게 피하곤, 괴물의 다리 하나를 베어냈다.</Text>
      <Setting Type="Text" Speaker="x" Background="2" BGM="x" SFX="x"/>
      <Location Left="x" Middle="x" Right="x"/>
      <Effect Fade="x" Camera="x" UI="x"/>
      <CharacterEffect LeftEvent="x" MiddleEvent="x" RightEvent="x"/>
      <PieceImage PutPicture="Paint_1"/>
		</story>
		<story>
			<Text>차례차례 괴물이 다른 다리를 뻗지만, 여자애에게 닿지는 못한다.</Text>
      <Setting Type="Text" Speaker="x" Background="2" BGM="x" SFX="x"/>
      <Location Left="x" Middle="x" Right="x"/>
      <Effect Fade="x" Camera="x" UI="x"/>
      <CharacterEffect LeftEvent="x" MiddleEvent="x" RightEvent="x"/>
      <PieceImage PutPicture="Paint_1"/>
		</story>
		<story>
			<Text>뻗은 괴물의 다리에만 상처가 계속 새겨진다.</Text>
      <Setting Type="Text" Speaker="x" Background="2" BGM="x" SFX="x"/>
      <Location Left="x" Middle="x" Right="x"/>
      <Effect Fade="x" Camera="x" UI="x"/>
      <CharacterEffect LeftEvent="x" MiddleEvent="x" RightEvent="x"/>
      <PieceImage PutPicture="Paint_1"/>
		</story>
		<story>
			<Text>괴물은 다리가 두 개나 떨어지자, 괴물이 괴성을 질렀다.</Text>
      <Setting Type="Text" Speaker="x" Background="2" BGM="x" SFX="x"/>
      <Location Left="x" Middle="x" Right="x"/>
      <Effect Fade="x" Camera="x" UI="x"/>
      <CharacterEffect LeftEvent="x" MiddleEvent="x" RightEvent="x"/>
      <PieceImage PutPicture="Paint_1"/>
		</story>
		<story>
			<Text>도, 도망가려나? 제발 도망가라. 제발!</Text>
      <Setting Type="Text" Speaker="x" Background="2" BGM="x" SFX="x"/>
      <Location Left="x" Middle="x" Right="x"/>
      <Effect Fade="x" Camera="x" UI="x"/>
      <CharacterEffect LeftEvent="x" MiddleEvent="x" RightEvent="x"/>
      <PieceImage PutPicture="Paint_1"/>
		</story>
		<story>
			<Text>“----!!!”</Text>
      <Setting Type="Text" Speaker="x" Background="2" BGM="x" SFX="x"/>
      <Location Left="x" Middle="x" Right="x"/>
      <Effect Fade="x" Camera="x" UI="x"/>
      <CharacterEffect LeftEvent="x" MiddleEvent="x" RightEvent="x"/>
      <PieceImage PutPicture="Paint_1"/>
		</story>
		<story>
			<Text>괴물의 눈이 분노로 차오르더니, 남은 팔다리를 모조리 뻗었다.</Text>
      <Setting Type="Text" Speaker="x" Background="2" BGM="x" SFX="x"/>
      <Location Left="x" Middle="x" Right="x"/>
      <Effect Fade="x" Camera="x" UI="x"/>
      <CharacterEffect LeftEvent="x" MiddleEvent="x" RightEvent="x"/>
      <PieceImage PutPicture="Paint_1"/>
		</story>
		<story>
			<Text>“흐읍-!!”</Text>
      <Setting Type="Text" Speaker="x" Background="2" BGM="x" SFX="x"/>
      <Location Left="x" Middle="x" Right="x"/>
      <Effect Fade="x" Camera="x" UI="x"/>
      <CharacterEffect LeftEvent="x" MiddleEvent="x" RightEvent="x"/>
      <PieceImage PutPicture="Paint_1"/>
		</story>
		<story>
			<Text>여자애가 아까처럼 다리를 끊어낸다.</Text>
      <Setting Type="Text" Speaker="x" Background="2" BGM="x" SFX="x"/>
      <Location Left="x" Middle="x" Right="x"/>
      <Effect Fade="x" Camera="x" UI="x"/>
      <CharacterEffect LeftEvent="x" MiddleEvent="x" RightEvent="x"/>
      <PieceImage PutPicture="Paint_1"/>
		</story>
		<story>
			<Text>그런데도 괴물은 다리 몇 개가 떨어지는 걸 감수하고 전력으로 달려들었다.</Text>
      <Setting Type="Text" Speaker="x" Background="2" BGM="x" SFX="x"/>
      <Location Left="x" Middle="x" Right="x"/>
      <Effect Fade="x" Camera="x" UI="x"/>
      <CharacterEffect LeftEvent="x" MiddleEvent="x" RightEvent="x"/>
      <PieceImage PutPicture="Paint_1"/>
		</story>
		<story>
			<Text>"챙강"</Text>
      <Setting Type="Text" Speaker="x" Background="2" BGM="x" SFX="x"/>
      <Location Left="x" Middle="x" Right="x"/>
      <Effect Fade="x" Camera="x" UI="x"/>
      <CharacterEffect LeftEvent="x" MiddleEvent="x" RightEvent="x"/>
      <PieceImage PutPicture="Paint_1"/>
		</story>
		<story>
			<Text>무차별로 휘두르는 다리 하나에 맞은 여자애가 쥐고 있던 단검을 떨어뜨렸다.</Text>
      <Setting Type="Text" Speaker="x" Background="2" BGM="x" SFX="x"/>
      <Location Left="x" Middle="x" Right="x"/>
      <Effect Fade="x" Camera="x" UI="x"/>
      <CharacterEffect LeftEvent="x" MiddleEvent="x" RightEvent="x"/>
      <PieceImage PutPicture="Paint_1"/>
		</story>
		<story>
			<Text>“----”</Text>
      <Setting Type="Text" Speaker="x" Background="2" BGM="x" SFX="x"/>
      <Location Left="x" Middle="x" Right="x"/>
      <Effect Fade="x" Camera="x" UI="x"/>
      <CharacterEffect LeftEvent="x" MiddleEvent="x" RightEvent="x"/>
      <PieceImage PutPicture="Paint_1"/>
		</story>
		<story>
			<Text>괴물이 웃으며 여자애에게 다가간다.</Text>
      <Setting Type="Text" Speaker="x" Background="2" BGM="x" SFX="x"/>
      <Location Left="x" Middle="x" Right="x"/>
      <Effect Fade="x" Camera="x" UI="x"/>
      <CharacterEffect LeftEvent="x" MiddleEvent="x" RightEvent="x"/>
      <PieceImage PutPicture="Paint_1"/>
		</story>
		<story>
			<Text>주춤주춤 물러나던 여자애는 그 상황에서도 날 쳐다본다.</Text>
      <Setting Type="Text" Speaker="x" Background="2" BGM="x" SFX="x"/>
      <Location Left="x" Middle="x" Right="x"/>
      <Effect Fade="x" Camera="x" UI="x"/>
      <CharacterEffect LeftEvent="x" MiddleEvent="x" RightEvent="x"/>
      <PieceImage PutPicture="Paint_1"/>
		</story>
		<story>
			<Text>"도망가"</Text>
      <Setting Type="Text" Speaker="x" Background="2" BGM="x" SFX="x"/>
      <Location Left="x" Middle="x" Right="x"/>
      <Effect Fade="x" Camera="x" UI="x"/>
      <CharacterEffect LeftEvent="x" MiddleEvent="x" RightEvent="x"/>
      <PieceImage PutPicture="Paint_1"/>
		</story>
		<story>
			<Text>여자애는 눈으로 그렇게 말하고 있었다.</Text>
      <Setting Type="Text" Speaker="x" Background="2" BGM="x" SFX="x"/>
      <Location Left="x" Middle="x" Right="x"/>
      <Effect Fade="x" Camera="x" UI="x"/>
      <CharacterEffect LeftEvent="x" MiddleEvent="x" RightEvent="x"/>
      <PieceImage PutPicture="Paint_1"/>
		</story>
		<story>
			<Text>자기 앞에 있는 괴물이 천천히 다가오고 있는데도.</Text>
      <Setting Type="Text" Speaker="x" Background="2" BGM="x" SFX="x"/>
      <Location Left="x" Middle="x" Right="x"/>
      <Effect Fade="x" Camera="x" UI="x"/>
      <CharacterEffect LeftEvent="x" MiddleEvent="x" RightEvent="x"/>
      <PieceImage PutPicture="Paint_1"/>
		</story>
		<story>
			<Text>후들거리는 다리로 간신히 일어났다.</Text>
      <Setting Type="Text" Speaker="x" Background="2" BGM="x" SFX="x"/>
      <Location Left="x" Middle="x" Right="x"/>
      <Effect Fade="x" Camera="x" UI="x"/>
      <CharacterEffect LeftEvent="x" MiddleEvent="x" RightEvent="x"/>
      <PieceImage PutPicture="Paint_1"/>
		</story>
		<story>
			<Text>괴물은 여자애에게 집중하느라 나는 아예 관심 밖에 있다.</Text>
      <Setting Type="Text" Speaker="x" Background="2" BGM="x" SFX="x"/>
      <Location Left="x" Middle="x" Right="x"/>
      <Effect Fade="x" Camera="x" UI="x"/>
      <CharacterEffect LeftEvent="x" MiddleEvent="x" RightEvent="x"/>
      <PieceImage PutPicture="Paint_1"/>
		</story>
		<story>
			<Text>이대로 도망가면 돼.</Text>
      <Setting Type="Text" Speaker="x" Background="2" BGM="x" SFX="x"/>
      <Location Left="x" Middle="x" Right="x"/>
      <Effect Fade="x" Camera="x" UI="x"/>
      <CharacterEffect LeftEvent="x" MiddleEvent="x" RightEvent="x"/>
      <PieceImage PutPicture="Paint_1"/>
		</story>
		<story>
			<Text>저 애도 처음부터 나보고 도망치라 했잖아.</Text>
      <Setting Type="Text" Speaker="x" Background="2" BGM="x" SFX="x"/>
      <Location Left="x" Middle="x" Right="x"/>
      <Effect Fade="x" Camera="x" UI="x"/>
      <CharacterEffect LeftEvent="x" MiddleEvent="x" RightEvent="x"/>
      <PieceImage PutPicture="Paint_1"/>
		</story>
		<story>
			<Text>머릿속 한구석에서 본능이 외친다.</Text>
      <Setting Type="Text" Speaker="x" Background="2" BGM="x" SFX="x"/>
      <Location Left="x" Middle="x" Right="x"/>
      <Effect Fade="x" Camera="x" UI="x"/>
      <CharacterEffect LeftEvent="x" MiddleEvent="x" RightEvent="x"/>
      <PieceImage PutPicture="Paint_1"/>
		</story>
		<story>
			<Text>괴물의 주의를 끌지 않게 조용히 한 발짝씩 걸음을 떼자, 충분히 거리가 벌어졌다.</Text>
      <Setting Type="Text" Speaker="x" Background="2" BGM="x" SFX="x"/>
      <Location Left="x" Middle="x" Right="x"/>
      <Effect Fade="x" Camera="x" UI="x"/>
      <CharacterEffect LeftEvent="x" MiddleEvent="x" RightEvent="x"/>
      <PieceImage PutPicture="Paint_1"/>
		</story>
		<story>
			<Text>지금이다.</Text>
      <Setting Type="Text" Speaker="x" Background="2" BGM="x" SFX="x"/>
      <Location Left="x" Middle="x" Right="x"/>
      <Effect Fade="x" Camera="x" UI="x"/>
      <CharacterEffect LeftEvent="x" MiddleEvent="x" RightEvent="x"/>
      <PieceImage PutPicture="Paint_1"/>
		</story>
		<story>
			<Text>나는 뒤를 생각하지 않고 달렸다.</Text>
      <Setting Type="Text" Speaker="x" Background="2" BGM="x" SFX="x"/>
      <Location Left="x" Middle="x" Right="x"/>
      <Effect Fade="x" Camera="x" UI="x"/>
      <CharacterEffect LeftEvent="x" MiddleEvent="x" RightEvent="x"/>
      <PieceImage PutPicture="Paint_1"/>
		</story>
		<story>
			<Text>공포영화의 주인공이 왜 그렇게 필사적인지 이제 알겠다.</Text>
      <Setting Type="Text" Speaker="x" Background="2" BGM="x" SFX="x"/>
      <Location Left="x" Middle="x" Right="x"/>
      <Effect Fade="x" Camera="x" UI="x"/>
      <CharacterEffect LeftEvent="x" MiddleEvent="x" RightEvent="x"/>
      <PieceImage PutPicture="Paint_1"/>
		</story>
		<story>
			<Text>그냥 단순히 죽고 싶지 않아서 그런 게 아니었다.</Text>
      <Setting Type="Text" Speaker="x" Background="2" BGM="x" SFX="x"/>
      <Location Left="x" Middle="x" Right="x"/>
      <Effect Fade="x" Camera="x" UI="x"/>
      <CharacterEffect LeftEvent="x" MiddleEvent="x" RightEvent="x"/>
      <PieceImage PutPicture="Paint_1"/>
		</story>
		<story>
			<Text>주인공은 최선을 다하고 있었다.</Text>
      <Setting Type="Text" Speaker="x" Background="2" BGM="x" SFX="x"/>
      <Location Left="x" Middle="x" Right="x"/>
      <Effect Fade="x" Camera="x" UI="x"/>
      <CharacterEffect LeftEvent="x" MiddleEvent="x" RightEvent="x"/>
      <PieceImage PutPicture="Paint_1"/>
		</story>
		<story>
			<Text>삶의 마지막까지 포기하지 않고 노력했다.</Text>
      <Setting Type="Text" Speaker="x" Background="2" BGM="x" SFX="x"/>
      <Location Left="x" Middle="x" Right="x"/>
      <Effect Fade="x" Camera="x" UI="x"/>
      <CharacterEffect LeftEvent="x" MiddleEvent="x" RightEvent="x"/>
      <PieceImage PutPicture="Paint_1"/>
		</story>
		<story>
			<Text>…후회하지 않기 위해서.</Text>
      <Setting Type="Text" Speaker="x" Background="2" BGM="x" SFX="x"/>
      <Location Left="x" Middle="x" Right="x"/>
      <Effect Fade="x" Camera="x" UI="x"/>
      <CharacterEffect LeftEvent="x" MiddleEvent="x" RightEvent="x"/>
      <PieceImage PutPicture="Paint_1"/>
		</story>
		<story>
			<Text>그에 비해 나는?</Text>
      <Setting Type="Text" Speaker="x" Background="2" BGM="x" SFX="x"/>
      <Location Left="x" Middle="x" Right="x"/>
      <Effect Fade="x" Camera="x" UI="x"/>
      <CharacterEffect LeftEvent="x" MiddleEvent="x" RightEvent="x"/>
      <PieceImage PutPicture="Paint_1"/>
		</story>
		<story>
			<Text>어차피 죽으면 끝이야.</Text>
      <Setting Type="Text" Speaker="x" Background="2" BGM="x" SFX="x"/>
      <Location Left="x" Middle="x" Right="x"/>
      <Effect Fade="x" Camera="x" UI="x"/>
      <CharacterEffect LeftEvent="x" MiddleEvent="x" RightEvent="x"/>
      <PieceImage PutPicture="Paint_1"/>
		</story>
		<story>
			<Text>그렇게 생각하면서 대충 살아왔다.</Text>
      <Setting Type="Text" Speaker="x" Background="2" BGM="x" SFX="x"/>
      <Location Left="x" Middle="x" Right="x"/>
      <Effect Fade="x" Camera="x" UI="x"/>
      <CharacterEffect LeftEvent="x" MiddleEvent="x" RightEvent="x"/>
      <PieceImage PutPicture="Paint_1"/>
		</story>
		<story>
			<Text>외로워도 친구 하나 만들지 않고, 뭐 하나 제대로 하지 않고 살았다.</Text>
      <Setting Type="Text" Speaker="x" Background="2" BGM="x" SFX="x"/>
      <Location Left="x" Middle="x" Right="x"/>
      <Effect Fade="x" Camera="x" UI="x"/>
      <CharacterEffect LeftEvent="x" MiddleEvent="x" RightEvent="x"/>
      <PieceImage PutPicture="Paint_1"/>
		</story>
		<story>
			<Text>그랬던 주제에 막상 죽음을 앞에 두니까, 겁에 질려서 추하게 도망쳤다.</Text>
      <Setting Type="Text" Speaker="x" Background="2" BGM="x" SFX="x"/>
      <Location Left="x" Middle="x" Right="x"/>
      <Effect Fade="x" Camera="x" UI="x"/>
      <CharacterEffect LeftEvent="x" MiddleEvent="x" RightEvent="x"/>
      <PieceImage PutPicture="Paint_1"/>
		</story>
		<story>
			<Text>여태껏 하지 않은 수많은 미련을 떠올리고 후회하면서.</Text>
      <Setting Type="Text" Speaker="x" Background="2" BGM="x" SFX="x"/>
      <Location Left="x" Middle="x" Right="x"/>
      <Effect Fade="x" Camera="x" UI="x"/>
      <CharacterEffect LeftEvent="x" MiddleEvent="x" RightEvent="x"/>
      <PieceImage PutPicture="Paint_1"/>
		</story>
		<story>
			<Text>그러니까 더는 그러고 싶지 않다.</Text>
      <Setting Type="Text" Speaker="x" Background="2" BGM="x" SFX="x"/>
      <Location Left="x" Middle="x" Right="x"/>
      <Effect Fade="x" Camera="x" UI="x"/>
      <CharacterEffect LeftEvent="x" MiddleEvent="x" RightEvent="x"/>
      <PieceImage PutPicture="Paint_1"/>
		</story>
		<story>
			<Text>그걸 깨달은 지금부터라도.</Text>
      <Setting Type="Text" Speaker="x" Background="2" BGM="x" SFX="x"/>
      <Location Left="x" Middle="x" Right="x"/>
      <Effect Fade="x" Camera="x" UI="x"/>
      <CharacterEffect LeftEvent="x" MiddleEvent="x" RightEvent="x"/>
      <PieceImage PutPicture="Paint_1"/>
		</story>
		<story>
			<Text>후회하고 싶지 않았다.</Text>
      <Setting Type="Text" Speaker="x" Background="2" BGM="x" SFX="x"/>
      <Location Left="x" Middle="x" Right="x"/>
      <Effect Fade="x" Camera="x" UI="x"/>
      <CharacterEffect LeftEvent="x" MiddleEvent="x" RightEvent="x"/>
      <PieceImage PutPicture="Paint_1"/>
		</story>
		<story>
			<Text>혹사에 지친 다리가 겁으로 후들거린다.</Text>
      <Setting Type="Text" Speaker="x" Background="2" BGM="x" SFX="x"/>
      <Location Left="x" Middle="x" Right="x"/>
      <Effect Fade="x" Camera="x" UI="x"/>
      <CharacterEffect LeftEvent="x" MiddleEvent="x" RightEvent="x"/>
      <PieceImage PutPicture="Paint_1"/>
		</story>
		<story>
			<Text>우스꽝스럽게 달리는 도중에도 본능이 외친다.</Text>
      <Setting Type="Text" Speaker="x" Background="2" BGM="x" SFX="x"/>
      <Location Left="x" Middle="x" Right="x"/>
      <Effect Fade="x" Camera="x" UI="x"/>
      <CharacterEffect LeftEvent="x" MiddleEvent="x" RightEvent="x"/>
      <PieceImage PutPicture="Paint_1"/>
		</story>
		<story>
			<Text>이게 맞는 걸까.</Text>
      <Setting Type="Text" Speaker="x" Background="2" BGM="x" SFX="x"/>
      <Location Left="x" Middle="x" Right="x"/>
      <Effect Fade="x" Camera="x" UI="x"/>
      <CharacterEffect LeftEvent="x" MiddleEvent="x" RightEvent="x"/>
      <PieceImage PutPicture="Paint_1"/>
		</story>
		<story>
			<Text>정말 이게 맞는 걸까.</Text>
      <Setting Type="Text" Speaker="x" Background="2" BGM="x" SFX="x"/>
      <Location Left="x" Middle="x" Right="x"/>
      <Effect Fade="x" Camera="x" UI="x"/>
      <CharacterEffect LeftEvent="x" MiddleEvent="x" RightEvent="x"/>
      <PieceImage PutPicture="Paint_1"/>
		</story>
		<story>
			<Text>경고를 울려대는 생각을 끄듯이 소리 지르며</Text>
      <Setting Type="Text" Speaker="x" Background="2" BGM="x" SFX="x"/>
      <Location Left="x" Middle="x" Right="x"/>
      <Effect Fade="x" Camera="x" UI="x"/>
      <CharacterEffect LeftEvent="x" MiddleEvent="x" RightEvent="x"/>
      <PieceImage PutPicture="Paint_1"/>
		</story>
		<story>
			<Text>“으아아아아!!!”</Text>
      <Setting Type="Text" Speaker="500" Background="2" BGM="x" SFX="x"/>
      <Location Left="x" Middle="x" Right="x"/>
      <Effect Fade="x" Camera="x" UI="x"/>
      <CharacterEffect LeftEvent="x" MiddleEvent="x" RightEvent="x"/>
      <PieceImage PutPicture="Paint_1"/>
		</story>
		<story>
			<Text>"퍼억"</Text>
      <Setting Type="Text" Speaker="x" Background="2" BGM="x" SFX="x"/>
      <Location Left="x" Middle="x" Right="x"/>
      <Effect Fade="x" Camera="x" UI="x"/>
      <CharacterEffect LeftEvent="x" MiddleEvent="x" RightEvent="x"/>
      <PieceImage PutPicture="Paint_1"/>
		</story>
		<story>
			<Text>괴물을 어깨로 들이받았다.</Text>
      <Setting Type="Text" Speaker="x" Background="2" BGM="x" SFX="x"/>
      <Location Left="x" Middle="x" Right="x"/>
      <Effect Fade="x" Camera="x" UI="x"/>
      <CharacterEffect LeftEvent="x" MiddleEvent="x" RightEvent="x"/>
      <PieceImage PutPicture="Paint_1"/>
		</story>
		<story>
			<Text>괴물이 나와 함께 넘어지며 땅을 구른다.</Text>
      <Setting Type="Text" Speaker="x" Background="2" BGM="x" SFX="x"/>
      <Location Left="x" Middle="x" Right="x"/>
      <Effect Fade="x" Camera="x" UI="x"/>
      <CharacterEffect LeftEvent="x" MiddleEvent="x" RightEvent="x"/>
      <PieceImage PutPicture="Paint_1"/>
		</story>
		<story>
			<Text>내가 만들어낸 잠깐의 틈.</Text>
      <Setting Type="Text" Speaker="x" Background="2" BGM="x" SFX="x"/>
      <Location Left="x" Middle="x" Right="x"/>
      <Effect Fade="x" Camera="x" UI="x"/>
      <CharacterEffect LeftEvent="x" MiddleEvent="x" RightEvent="x"/>
      <PieceImage PutPicture="Paint_1"/>
		</story>
		<story>
			<Text>그 사이 여자애가 움직였다.</Text>
      <Setting Type="Text" Speaker="x" Background="2" BGM="x" SFX="x"/>
      <Location Left="x" Middle="x" Right="x"/>
      <Effect Fade="x" Camera="x" UI="x"/>
      <CharacterEffect LeftEvent="x" MiddleEvent="x" RightEvent="x"/>
      <PieceImage PutPicture="Paint_1"/>
		</story>
		<story>
			<Text>떨어진 단검을 들고 괴물을 향해 솟구치듯 팔을 내지른다.</Text>
      <Setting Type="Text" Speaker="x" Background="2" BGM="x" SFX="x"/>
      <Location Left="x" Middle="x" Right="x"/>
      <Effect Fade="x" Camera="x" UI="x"/>
      <CharacterEffect LeftEvent="x" MiddleEvent="x" RightEvent="x"/>
      <PieceImage PutPicture="Paint_1"/>
		</story>
		<story>
			<Text>“----!!!!”</Text>
      <Setting Type="Text" Speaker="x" Background="2" BGM="x" SFX="x"/>
      <Location Left="x" Middle="x" Right="x"/>
      <Effect Fade="x" Camera="x" UI="x"/>
      <CharacterEffect LeftEvent="x" MiddleEvent="x" RightEvent="x"/>
      <PieceImage PutPicture="Paint_1"/>
		</story>
		<story>
			<Text>괴물이 이마에 박힌 단검을 빼내려고 다리를 파닥인다.</Text>
      <Setting Type="Text" Speaker="x" Background="2" BGM="x" SFX="x"/>
      <Location Left="x" Middle="x" Right="x"/>
      <Effect Fade="x" Camera="x" UI="x"/>
      <CharacterEffect LeftEvent="x" MiddleEvent="x" RightEvent="x"/>
      <PieceImage PutPicture="Paint_1"/>
		</story>
		<story>
			<Text>하지만 깊이 박힌 단검은 빠지지 않는다.</Text>
      <Setting Type="Text" Speaker="x" Background="2" BGM="x" SFX="x"/>
      <Location Left="x" Middle="x" Right="x"/>
      <Effect Fade="x" Camera="x" UI="x"/>
      <CharacterEffect LeftEvent="x" MiddleEvent="x" RightEvent="x"/>
      <PieceImage PutPicture="Paint_1"/>
		</story>
		<story>
			<Text>끝까지 바둥거리던 괴물의 팔다리가 축 늘어졌다.</Text>
      <Setting Type="Text" Speaker="x" Background="2" BGM="x" SFX="x"/>
      <Location Left="x" Middle="x" Right="x"/>
      <Effect Fade="x" Camera="x" UI="x"/>
      <CharacterEffect LeftEvent="x" MiddleEvent="x" RightEvent="x"/>
      <PieceImage PutPicture="Paint_1"/>
		</story>
		<story>
			<Text>아까까지 살아 움직이던 괴물이 조각조각 나뉘어 없어져 간다.</Text>
      <Setting Type="Text" Speaker="x" Background="2" BGM="x" SFX="x"/>
      <Location Left="x" Middle="x" Right="x"/>
      <Effect Fade="x" Camera="x" UI="x"/>
      <CharacterEffect LeftEvent="x" MiddleEvent="x" RightEvent="x"/>
      <PieceImage PutPicture="Paint_1"/>
		</story>
		<story>
			<Text>이내 괴물은 흔적도 없이 골목에서 사라졌다.</Text>
      <Setting Type="Text" Speaker="x" Background="2" BGM="x" SFX="x"/>
      <Location Left="x" Middle="x" Right="x"/>
      <Effect Fade="x" Camera="x" UI="x"/>
      <CharacterEffect LeftEvent="x" MiddleEvent="x" RightEvent="x"/>
      <PieceImage PutPicture="Paint_1"/>
		</story>
		<story>
			<Text>“하하….”</Text>
      <Setting Type="Text" Speaker="500" Background="2" BGM="x" SFX="x"/>
      <Location Left="x" Middle="x" Right="x"/>
      <Effect Fade="x" Camera="x" UI="x"/>
      <CharacterEffect LeftEvent="x" MiddleEvent="x" RightEvent="x"/>
      <PieceImage PutPicture="Paint_1"/>
		</story>
		<story>
			<Text>나도 모르게 헛웃음이 나온다.</Text>
      <Setting Type="Text" Speaker="x" Background="2" BGM="x" SFX="x"/>
      <Location Left="x" Middle="x" Right="x"/>
      <Effect Fade="x" Camera="x" UI="x"/>
      <CharacterEffect LeftEvent="x" MiddleEvent="x" RightEvent="x"/>
      <PieceImage PutPicture="Paint_1"/>
		</story>
		<story>
			<Text>무슨 사라지는 것도 공포영화랑 비슷하냐고.</Text>
      <Setting Type="Text" Speaker="x" Background="2" BGM="x" SFX="x"/>
      <Location Left="x" Middle="x" Right="x"/>
      <Effect Fade="x" Camera="x" UI="x"/>
      <CharacterEffect LeftEvent="x" MiddleEvent="x" RightEvent="x"/>
      <PieceImage PutPicture="Paint_1"/>
		</story>
		<story>
			<Text>“도망가라니까 도대체 뭐 하는 거예요?”</Text>
      <Setting Type="Text" Speaker="100" Background="2" BGM="x" SFX="x"/>
      <Location Left="x" Middle="100_1_101" Right="x"/>
      <Effect Fade="x" Camera="x" UI="x"/>
      <CharacterEffect LeftEvent="x" MiddleEvent="x" RightEvent="x"/>
      <PieceImage PutPicture="Paint_1"/>
		</story>
		<story>
			<Text>여자애가 눈을 찡그리곤 주저앉은 내게 다가왔다.</Text>
      <Setting Type="Text" Speaker="x" Background="2" BGM="x" SFX="x"/>
      <Location Left="x" Middle="100_1_101" Right="x"/>
      <Effect Fade="x" Camera="x" UI="x"/>
      <CharacterEffect LeftEvent="x" MiddleEvent="x" RightEvent="x"/>
      <PieceImage PutPicture="Paint_1"/>
		</story>
		<story>
			<Text>“선배가 도망치면, 저 혼자 빠져나오면 되는 건데.”</Text>
      <Setting Type="Text" Speaker="100" Background="2" BGM="x" SFX="x"/>
      <Location Left="x" Middle="100_1_101" Right="x"/>
      <Effect Fade="x" Camera="x" UI="x"/>
      <CharacterEffect LeftEvent="x" MiddleEvent="x" RightEvent="x"/>
      <PieceImage PutPicture="Paint_1"/>
		</story>
		<story>
			<Text>“......아.”</Text>
      <Setting Type="Text" Speaker="500" Background="2" BGM="x" SFX="x"/>
      <Location Left="x" Middle="100_1_101" Right="x"/>
      <Effect Fade="x" Camera="x" UI="x"/>
      <CharacterEffect LeftEvent="x" MiddleEvent="x" RightEvent="x"/>
      <PieceImage PutPicture="Paint_1"/>
		</story>
		<story>
			<Text>그런 소리였구나. 당연히 여기는 내게 맡기고 너는 도망쳐. 이런 뜻으로 생각했는데.</Text>
      <Setting Type="Text" Speaker="500" Background="2" BGM="x" SFX="x"/>
      <Location Left="x" Middle="100_1_101" Right="x"/>
      <Effect Fade="x" Camera="x" UI="x"/>
      <CharacterEffect LeftEvent="x" MiddleEvent="x" RightEvent="x"/>
      <PieceImage PutPicture="Paint_1"/>
		</story>
		<story>
			<Text>“근데 겁먹었으면서, 어떻게 그럴 생각을 했어요?”</Text>
      <Setting Type="Text" Speaker="100" Background="2" BGM="x" SFX="x"/>
      <Location Left="x" Middle="100_1_101" Right="x"/>
      <Effect Fade="x" Camera="x" UI="x"/>
      <CharacterEffect LeftEvent="x" MiddleEvent="x" RightEvent="x"/>
      <PieceImage PutPicture="Paint_1"/>
		</story>
		<story>
			<Text>“선배가 입은 바지. 축축하잖아요.”</Text>
      <Setting Type="Text" Speaker="100" Background="2" BGM="x" SFX="x"/>
      <Location Left="x" Middle="100_1_101" Right="x"/>
      <Effect Fade="x" Camera="x" UI="x"/>
      <CharacterEffect LeftEvent="x" MiddleEvent="x" RightEvent="x"/>
      <PieceImage PutPicture="Paint_1"/>
		</story>
		<story>
			<Text>여자애는 웃음을 참는 표정을 짓고는, 손가락으로 내 바지를 가리킨다.</Text>
      <Setting Type="Text" Speaker="x" Background="2" BGM="x" SFX="x"/>
      <Location Left="x" Middle="100_1_101" Right="x"/>
      <Effect Fade="x" Camera="x" UI="x"/>
      <CharacterEffect LeftEvent="x" MiddleEvent="x" RightEvent="x"/>
      <PieceImage PutPicture="Paint_1"/>
		</story>
		<story>
			<Text>설마 나.</Text>
      <Setting Type="Text" Speaker="x" Background="2" BGM="x" SFX="x"/>
      <Location Left="x" Middle="100_1_101" Right="x"/>
      <Effect Fade="x" Camera="x" UI="x"/>
      <CharacterEffect LeftEvent="x" MiddleEvent="x" RightEvent="x"/>
      <PieceImage PutPicture="Paint_1"/>
		</story>
		<story>
			<Text>오줌을......!!</Text>
      <Setting Type="Text" Speaker="x" Background="2" BGM="x" SFX="x"/>
      <Location Left="x" Middle="100_1_101" Right="x"/>
      <Effect Fade="x" Camera="x" UI="x"/>
      <CharacterEffect LeftEvent="x" MiddleEvent="x" RightEvent="x"/>
      <PieceImage PutPicture="Paint_1"/>
		</story>
		<story>
			<Text>바로 고개를 내려 밑을 확인했다.</Text>
      <Setting Type="Text" Speaker="x" Background="2" BGM="x" SFX="x"/>
      <Location Left="x" Middle="100_1_101" Right="x"/>
      <Effect Fade="x" Camera="x" UI="x"/>
      <CharacterEffect LeftEvent="x" MiddleEvent="x" RightEvent="x"/>
      <PieceImage PutPicture="Paint_1"/>
		</story>
		<story>
			<Text>어? 무릎 쪽이 찢어진 거 말고는 멀쩡한데?</Text>
      <Setting Type="Text" Speaker="x" Background="2" BGM="x" SFX="x"/>
      <Location Left="x" Middle="100_1_101" Right="x"/>
      <Effect Fade="x" Camera="x" UI="x"/>
      <CharacterEffect LeftEvent="x" MiddleEvent="x" RightEvent="x"/>
      <PieceImage PutPicture="Paint_1"/>
		</story>
		<story>
			<Text>“그래도 고마워요.”</Text>
      <Setting Type="Text" Speaker="100" Background="2" BGM="x" SFX="x"/>
      <Location Left="x" Middle="100_1_101" Right="x"/>
      <Effect Fade="x" Camera="x" UI="x"/>
      <CharacterEffect LeftEvent="x" MiddleEvent="x" RightEvent="x"/>
      <PieceImage PutPicture="Paint_1"/>
		</story>
		<story>
			<Text>머리에 따듯한 뭔가가 얹어졌다.</Text>
      <Setting Type="Text" Speaker="x" Background="2" BGM="x" SFX="x"/>
      <Location Left="x" Middle="100_1_101" Right="x"/>
      <Effect Fade="x" Camera="x" UI="x"/>
      <CharacterEffect LeftEvent="x" MiddleEvent="x" RightEvent="x"/>
      <PieceImage PutPicture="Paint_1"/>
		</story>
		<story>
			<Text>킥킥거리는 웃음소리와 함께 내 뒤통수를 여자애가 쓰다듬었다.</Text>
      <Setting Type="Text" Speaker="x" Background="2" BGM="x" SFX="x"/>
      <Location Left="x" Middle="100_1_101" Right="x"/>
      <Effect Fade="x" Camera="x" UI="x"/>
      <CharacterEffect LeftEvent="x" MiddleEvent="x" RightEvent="x"/>
      <PieceImage PutPicture="Paint_1"/>
		</story>
		<story>
			<Text>“같은 학교 1학년인 채아람이에요.”</Text>
      <Setting Type="Text" Speaker="100" Background="2" BGM="x" SFX="x"/>
      <Location Left="x" Middle="100_1_101" Right="x"/>
      <Effect Fade="x" Camera="x" UI="x"/>
      <CharacterEffect LeftEvent="x" MiddleEvent="x" RightEvent="x"/>
      <PieceImage PutPicture="Paint_1"/>
		</story>
		<story>
			<Text>쓰다듬는 걸 멈춘 채아람이 내게 손을 내밀었다.</Text>
      <Setting Type="Text" Speaker="x" Background="2" BGM="x" SFX="x"/>
      <Location Left="x" Middle="100_1_101" Right="x"/>
      <Effect Fade="x" Camera="x" UI="x"/>
      <CharacterEffect LeftEvent="x" MiddleEvent="x" RightEvent="x"/>
      <PieceImage PutPicture="Paint_1"/>
		</story>
		<story>
			<Text>그 손을 잡고 자리에서 일어나 눈을 마주쳤다.</Text>
      <Setting Type="Text" Speaker="x" Background="2" BGM="x" SFX="x"/>
      <Location Left="x" Middle="100_1_101" Right="x"/>
      <Effect Fade="x" Camera="x" UI="x"/>
      <CharacterEffect LeftEvent="x" MiddleEvent="x" RightEvent="x"/>
      <PieceImage PutPicture="Paint_1"/>
		</story>
		<story>
			<Text>“앞으로 잘 부탁해요. 선배.”</Text>
      <Setting Type="Text" Speaker="100" Background="2" BGM="x" SFX="x"/>
      <Location Left="x" Middle="100_1_101" Right="x"/>
      <Effect Fade="x" Camera="x" UI="x"/>
      <CharacterEffect LeftEvent="x" MiddleEvent="x" RightEvent="x"/>
      <PieceImage PutPicture="Paint_1"/>
		</story>
		<story>
			<Text>그렇게 내 삶이 바뀌기 시작한 건.</Text>
      <Setting Type="Text" Speaker="x" Background="2" BGM="x" SFX="x"/>
      <Location Left="x" Middle="100_1_101" Right="x"/>
      <Effect Fade="x" Camera="x" UI="x"/>
      <CharacterEffect LeftEvent="x" MiddleEvent="x" RightEvent="x"/>
      <PieceImage PutPicture="Paint_1"/>
		</story>
		<story>
			<Text>12월, 어느 겨울의 밤이었다.</Text>
      <Setting Type="Text" Speaker="x" Background="2" BGM="x" SFX="x"/>
      <Location Left="x" Middle="100_1_101" Right="x"/>
      <Effect Fade="x" Camera="x" UI="x"/>
      <CharacterEffect LeftEvent="x" MiddleEvent="x" RightEvent="x"/>
      <PieceImage PutPicture="Paint_1"/>
		</story>
	</u_story_1>
</Dialogue_1>