{
  "HeroineStory": [
    {
      "ID": 1,
      "MEMO": "채아람 메인시나리오 1",
      "StoryType": "CharacterMain",
      "StoryTitle": "CheaAram_1",
      "Character": 100,
      "UnlockItemID1": 1101,
      "UnlockItemID2": 1102,
      "UnlockItemID3": 1103,
      "MAPID": 1
    },
    {
      "ID": 2,
      "MEMO": "채아람 메인시나리오 2",
      "StoryType": "CharacterMain",
      "StoryTitle": "CheaAram_2",
      "Character": 100,
      "UnlockItemID1": 1104,
      "UnlockItemID2": 1105,
      "UnlockItemID3": 1106,
      "MAPID": 2
    },
    {
      "ID": 3,
      "MEMO": "채아람 서브시나리오 1-1",
      "StoryType": "CharacterSub",
      "StoryTitle": "CheaAram_1-1",
      "Character": 100,
      "UnlockItemID1": 1107,
      "UnlockItemID2": 1108,
      "UnlockItemID3": 1109,
      "MAPID": 3
    }
  ]
}