﻿<?xml version="1.0" encoding="UTF-8" standalone="yes"?>
<Dialogue_1 xmlns:xsi="http://www.w3.org/2001/XMLSchema-instance">
  <u_story_1>
    <story>
      <Text>“다들 모였지? 그럼 시작하자.”</Text>
      <Setting Type="0" Speaker="300" Background="4" BGM="BGM_DailyRoutine" SFX="-1" />
      <Location Left="-1" Middle="300_1_301" Right="-1" />
      <Effect Fade="-1" Camera="-1" UI="-1" />
      <CharacterEffect LeftEvent="-1" MiddleEvent="-1" RightEvent="-1" />
      <PieceImage PutPicture="-1" />
    </story>
    <story>
      <Text>등교 시간보다 훨씬 이른 아침. 졸린 눈을 비비며 나는 칠판 앞에 선 은혜 선배를 바라봤다. </Text>
      <Setting Type="0" Speaker="-1" Background="4" BGM="BGM_DailyRoutine" SFX="-1" />
      <Location Left="-1" Middle="300_1_301" Right="-1" />
      <Effect Fade="-1" Camera="-1" UI="-1" />
      <CharacterEffect LeftEvent="-1" MiddleEvent="-1" RightEvent="-1" />
      <PieceImage PutPicture="-1" />
    </story>
    <story>
      <Text>매주 월요일엔 학생회 회의를 열어 그 주의 목표를 정한다니…. 고등학교 2학년한테는 너무 빡빡한 일정이다. 그래도</Text>
      <Setting Type="0" Speaker="300" Background="4" BGM="BGM_DailyRoutine" SFX="-1" />
      <Location Left="-1" Middle="300_1_301" Right="-1" />
      <Effect Fade="-1" Camera="-1" UI="-1" />
      <CharacterEffect LeftEvent="-1" MiddleEvent="-1" RightEvent="-1" />
      <PieceImage PutPicture="-1" />
    </story>
    <story>
      <Text>“우우…. 졸려 죽겠다.”</Text>
      <Setting Type="0" Speaker="100" Background="4" BGM="BGM_DailyRoutine" SFX="-1" />
      <Location Left="100_1_103" Middle="300_1_301" Right="-1" />
      <Effect Fade="-1" Camera="-1" UI="-1" />
      <CharacterEffect LeftEvent="-1" MiddleEvent="-1" RightEvent="-1" />
      <PieceImage PutPicture="-1" />
    </story>
    <story>
      <Text>“선생님도….”</Text>
      <Setting Type="0" Speaker="400" Background="4" BGM="BGM_DailyRoutine" SFX="-1" />
      <Location Left="100_1_103" Middle="300_1_301" Right="400_1_401" />
      <Effect Fade="-1" Camera="-1" UI="-1" />
      <CharacterEffect LeftEvent="-1" MiddleEvent="-1" RightEvent="-1" />
      <PieceImage PutPicture="-1" />
    </story>
    <story>
      <Text>내가 저 두 명보다는 낫긴 하네. </Text>
      <Setting Type="0" Speaker="-1" Background="4" BGM="BGM_DailyRoutine" SFX="-1" />
      <Location Left="100_1_103" Middle="300_1_301" Right="400_1_401" />
      <Effect Fade="-1" Camera="-1" UI="-1" />
      <CharacterEffect LeftEvent="-1" MiddleEvent="-1" RightEvent="-1" />
      <PieceImage PutPicture="-1" />
    </story>
    <story>
      <Text>혼자만 멀쩡한 은혜 선배가 칠판 위에 크게 글씨를 적었다. </Text>
      <Setting Type="0" Speaker="-1" Background="4" BGM="BGM_DailyRoutine" SFX="-1" />
      <Location Left="-1" Middle="300_1_301" Right="-1" />
      <Effect Fade="-1" Camera="-1" UI="-1" />
      <CharacterEffect LeftEvent="-1" MiddleEvent="-1" RightEvent="-1" />
      <PieceImage PutPicture="-1" />
    </story>
    <story>
      <Text>[ 학생회 회의 ]</Text>
      <Setting Type="0" Speaker="-1" Background="4" BGM="BGM_DailyRoutine" SFX="-1" />
      <Location Left="-1" Middle="-1" Right="-1" />
      <Effect Fade="-1" Camera="-1" UI="-1" />
      <CharacterEffect LeftEvent="-1" MiddleEvent="-1" RightEvent="-1" />
      <PieceImage PutPicture="1" />
    </story>
    <story>
      <Text>“도래솔 선생님. 이번이 몇 번째 학생회 회의였죠?” </Text>
      <Setting Type="0" Speaker="300" Background="4" BGM="BGM_DailyRoutine" SFX="-1" />
      <Location Left="-1" Middle="300_1_301" Right="-1" />
      <Effect Fade="-1" Camera="-1" UI="-1" />
      <CharacterEffect LeftEvent="-1" MiddleEvent="-1" RightEvent="-1" />
      <PieceImage PutPicture="-1" />
    </story>
    <story>
      <Text>“으응…!? 몇 번째 회의인지는 안 세고 있었는데….”</Text>
      <Setting Type="0" Speaker="400" Background="4" BGM="BGM_DailyRoutine" SFX="-1" />
      <Location Left="-1" Middle="300_1_301" Right="400_1_401" />
      <Effect Fade="-1" Camera="-1" UI="-1" />
      <CharacterEffect LeftEvent="-1" MiddleEvent="-1" RightEvent="-1" />
      <PieceImage PutPicture="-1" />
    </story>
    <story>
      <Text>“어차피 쟤도 새로 들어왔으니까 1회로 하면 어때요?” </Text>
      <Setting Type="0" Speaker="200" Background="4" BGM="BGM_DailyRoutine" SFX="-1" />
      <Location Left="200_1_201" Middle="300_1_301" Right="400_1_401" />
      <Effect Fade="-1" Camera="-1" UI="-1" />
      <CharacterEffect LeftEvent="-1" MiddleEvent="-1" RightEvent="-1" />
      <PieceImage PutPicture="-1" />
    </story>
    <story>
      <Text>“그, 그러면 되겠다! 1회 좋다, 1회!”</Text>
      <Setting Type="0" Speaker="400" Background="4" BGM="BGM_DailyRoutine" SFX="-1" />
      <Location Left="200_1_201" Middle="300_1_301" Right="400_1_401" />
      <Effect Fade="-1" Camera="-1" UI="-1" />
      <CharacterEffect LeftEvent="-1" MiddleEvent="-1" RightEvent="-1" />
      <PieceImage PutPicture="-1" />
    </story>
    <story>
      <Text>“으흠. 네. 새로운 마음으로 1회라 하죠.”</Text>
      <Setting Type="0" Speaker="300" Background="4" BGM="BGM_DailyRoutine" SFX="-1" />
      <Location Left="200_1_201" Middle="300_1_301" Right="400_1_401" />
      <Effect Fade="-1" Camera="-1" UI="-1" />
      <CharacterEffect LeftEvent="-1" MiddleEvent="-1" RightEvent="-1" />
      <PieceImage PutPicture="-1" />
    </story>
    <story>
      <Text>[ 학생회 회의 제1회 ] </Text>
      <Setting Type="0" Speaker="-1" Background="4" BGM="BGM_DailyRoutine" SFX="-1" />
      <Location Left="-1" Middle="-1" Right="-1" />
      <Effect Fade="-1" Camera="-1" UI="-1" />
      <CharacterEffect LeftEvent="-1" MiddleEvent="-1" RightEvent="-1" />
      <PieceImage PutPicture="1" />
    </story>
    <story>
      <Text>“먼저 학생회 신입인 후배에 대해서 얘기해 볼게. 후배의 등불은 반지라고 했지?”</Text>
      <Setting Type="0" Speaker="300" Background="4" BGM="BGM_DailyRoutine" SFX="-1" />
      <Location Left="-1" Middle="300_1_301" Right="-1" />
      <Effect Fade="-1" Camera="-1" UI="-1" />
      <CharacterEffect LeftEvent="-1" MiddleEvent="-1" RightEvent="-1" />
      <PieceImage PutPicture="-1" />
    </story>
    <story>
      <Text>“네. 이거에요.” </Text>
      <Setting Type="0" Speaker="500" Background="4" BGM="BGM_DailyRoutine" SFX="-1" />
      <Location Left="-1" Middle="300_1_301" Right="-1" />
      <Effect Fade="-1" Camera="-1" UI="-1" />
      <CharacterEffect LeftEvent="-1" MiddleEvent="-1" RightEvent="-1" />
      <PieceImage PutPicture="-1" />
    </story>
    <story>
      <Text>감춰뒀던 하얀색 반지를 모두 앞에 보여줬다. </Text>
      <Setting Type="0" Speaker="-1" Background="4" BGM="BGM_DailyRoutine" SFX="-1" />
      <Location Left="-1" Middle="-1" Right="-1" />
      <Effect Fade="-1" Camera="-1" UI="-1" />
      <CharacterEffect LeftEvent="-1" MiddleEvent="-1" RightEvent="-1" />
      <PieceImage PutPicture="1" />
    </story>
    <story>
      <Text>“능력은 물건을 만드는 것. 그렇게 생각하면 될까?”</Text>
      <Setting Type="0" Speaker="300" Background="4" BGM="BGM_DailyRoutine" SFX="-1" />
      <Location Left="-1" Middle="300_1_301" Right="-1" />
      <Effect Fade="-1" Camera="-1" UI="-1" />
      <CharacterEffect LeftEvent="-1" MiddleEvent="-1" RightEvent="-1" />
      <PieceImage PutPicture="-1" />
    </story>
    <story>
      <Text>“네. 간단하게 설명하면 능력이에요.” </Text>
      <Setting Type="0" Speaker="500" Background="4" BGM="BGM_DailyRoutine" SFX="-1" />
      <Location Left="-1" Middle="300_1_301" Right="-1" />
      <Effect Fade="-1" Camera="-1" UI="-1" />
      <CharacterEffect LeftEvent="-1" MiddleEvent="-1" RightEvent="-1" />
      <PieceImage PutPicture="-1" />
    </story>
    <story>
      <Text>“만들 수 있는 물건은 어디까지 가능해?” </Text>
      <Setting Type="0" Speaker="300" Background="4" BGM="BGM_DailyRoutine" SFX="-1" />
      <Location Left="-1" Middle="300_1_301" Right="-1" />
      <Effect Fade="-1" Camera="-1" UI="-1" />
      <CharacterEffect LeftEvent="-1" MiddleEvent="-1" RightEvent="-1" />
      <PieceImage PutPicture="-1" />
    </story>
    <story>
      <Text>“저도 그거 궁금했어요! 금덩이도 만들어져요? 새 핸드폰도?”</Text>
      <Setting Type="0" Speaker="100" Background="4" BGM="BGM_DailyRoutine" SFX="-1" />
      <Location Left="100_1_105" Middle="300_1_301" Right="-1" />
      <Effect Fade="-1" Camera="-1" UI="-1" />
      <CharacterEffect LeftEvent="-1" MiddleEvent="-1" RightEvent="-1" />
      <PieceImage PutPicture="-1" />
    </story>
    <story>
      <Text>“재료를 보고 떠오르는 걸 만드는 거라…. 잘 모르겠는데.” </Text>
      <Setting Type="0" Speaker="500" Background="4" BGM="BGM_DailyRoutine" SFX="-1" />
      <Location Left="100_1_105" Middle="300_1_301" Right="-1" />
      <Effect Fade="-1" Camera="-1" UI="-1" />
      <CharacterEffect LeftEvent="-1" MiddleEvent="-1" RightEvent="-1" />
      <PieceImage PutPicture="-1" />
    </story>
    <story>
      <Text>최신형 핸드폰은 겉모습이라면 만들 수 있으려나. 내부는 텅텅 비어있겠지만. </Text>
      <Setting Type="0" Speaker="-1" Background="4" BGM="BGM_DailyRoutine" SFX="-1" />
      <Location Left="-1" Middle="-1" Right="-1" />
      <Effect Fade="-1" Camera="-1" UI="-1" />
      <CharacterEffect LeftEvent="-1" MiddleEvent="-1" RightEvent="-1" />
      <PieceImage PutPicture="-1" />
    </story>
    <story>
      <Text>“저번에 내가 준 파편에서 떠올랐던 건 뭐가 있는데?”</Text>
      <Setting Type="0" Speaker="200" Background="4" BGM="BGM_DailyRoutine" SFX="-1" />
      <Location Left="-1" Middle="200_1_201" Right="-1" />
      <Effect Fade="-1" Camera="-1" UI="-1" />
      <CharacterEffect LeftEvent="-1" MiddleEvent="-1" RightEvent="-1" />
      <PieceImage PutPicture="-1" />
    </story>
    <story>
      <Text>“어…. 머리핀이랑 물약, 부적. 그리고 이상하게 생긴 열쇠. 이렇게 있었던 것 같아.”</Text>
      <Setting Type="0" Speaker="500" Background="4" BGM="BGM_DailyRoutine" SFX="-1" />
      <Location Left="-1" Middle="200_1_201" Right="-1" />
      <Effect Fade="-1" Camera="-1" UI="-1" />
      <CharacterEffect LeftEvent="-1" MiddleEvent="-1" RightEvent="-1" />
      <PieceImage PutPicture="-1" />
    </story>
    <story>
      <Text>“이상하게 생긴 열쇠? 어떻게 생겼는데?”</Text>
      <Setting Type="0" Speaker="200" Background="4" BGM="BGM_DailyRoutine" SFX="-1" />
      <Location Left="-1" Middle="200_1_201" Right="-1" />
      <Effect Fade="-1" Camera="-1" UI="-1" />
      <CharacterEffect LeftEvent="-1" MiddleEvent="-1" RightEvent="-1" />
      <PieceImage PutPicture="-1" />
    </story>
    <story>
      <Text>“열쇠에 밧줄이 그려져 있었어.”</Text>
      <Setting Type="0" Speaker="500" Background="4" BGM="BGM_DailyRoutine" SFX="-1" />
      <Location Left="-1" Middle="200_1_201" Right="-1" />
      <Effect Fade="-1" Camera="-1" UI="-1" />
      <CharacterEffect LeftEvent="-1" MiddleEvent="-1" RightEvent="-1" />
      <PieceImage PutPicture="-1" />
    </story>
    <story>
      <Text>“밧줄…? 잠깐만 그거.”</Text>
      <Setting Type="0" Speaker="200" Background="4" BGM="BGM_DailyRoutine" SFX="-1" />
      <Location Left="-1" Middle="200_1_201" Right="-1" />
      <Effect Fade="-1" Camera="-1" UI="-1" />
      <CharacterEffect LeftEvent="-1" MiddleEvent="-1" RightEvent="-1" />
      <PieceImage PutPicture="-1" />
    </story>
    <story>
      <Text>“은혜 선배. 도래솔 선생님이 찾아낸 장소 있잖아요?” </Text>
      <Setting Type="0" Speaker="200" Background="4" BGM="BGM_DailyRoutine" SFX="-1" />
      <Location Left="-1" Middle="200_1_201" Right="-1" />
      <Effect Fade="-1" Camera="-1" UI="-1" />
      <CharacterEffect LeftEvent="-1" MiddleEvent="-1" RightEvent="-1" />
      <PieceImage PutPicture="-1" />
    </story>
    <story>
      <Text>“응. 나도 같은 생각이야. 혹시 그 열쇠라면 거길 열 수도 있으려나.”</Text>
      <Setting Type="0" Speaker="300" Background="4" BGM="BGM_DailyRoutine" SFX="-1" />
      <Location Left="-1" Middle="200_1_201" Right="300_1_301" />
      <Effect Fade="-1" Camera="-1" UI="-1" />
      <CharacterEffect LeftEvent="-1" MiddleEvent="-1" RightEvent="-1" />
      <PieceImage PutPicture="-1" />
    </story>
    <story>
      <Text>“…도래솔 선생님. 어디 말하는 거예요?” </Text>
      <Setting Type="0" Speaker="500" Background="4" BGM="BGM_DailyRoutine" SFX="-1" />
      <Location Left="-1" Middle="-1" Right="-1" />
      <Effect Fade="-1" Camera="-1" UI="-1" />
      <CharacterEffect LeftEvent="-1" MiddleEvent="-1" RightEvent="-1" />
      <PieceImage PutPicture="-1" />
    </story>
    <story>
      <Text>“폐병원 말하는 거야. 선생님은 학교 애들이랑 엄청 친하니까 소문은 아주 잘 알거든!”</Text>
      <Setting Type="0" Speaker="400" Background="4" BGM="BGM_DailyRoutine" SFX="-1" />
      <Location Left="-1" Middle="400_1_401" Right="-1" />
      <Effect Fade="-1" Camera="-1" UI="-1" />
      <CharacterEffect LeftEvent="-1" MiddleEvent="-1" RightEvent="-1" />
      <PieceImage PutPicture="-1" />
    </story>
    <story>
      <Text>“거기 이상한 소문이 많더라고. 귀신이 보였다, 흐느끼는 소리가 들렸다. 그런 괴담에서 폐병원이 자주 나왔어.”</Text>
      <Setting Type="0" Speaker="200" Background="4" BGM="BGM_DailyRoutine" SFX="-1" />
      <Location Left="200_1_201" Middle="400_1_401" Right="-1" />
      <Effect Fade="-1" Camera="-1" UI="-1" />
      <CharacterEffect LeftEvent="-1" MiddleEvent="-1" RightEvent="-1" />
      <PieceImage PutPicture="-1" />
    </story>
    <story>
      <Text>“그래서 래솔 쌤이 얘기해준 폐병원을 찾아서 한 번 가봤는데. 이상한 자물쇠로 잠겨있어서 결국엔 못 들어갔어요.” </Text>
      <Setting Type="0" Speaker="100" Background="4" BGM="BGM_DailyRoutine" SFX="-1" />
      <Location Left="200_1_201" Middle="400_1_401" Right="100_1_101" />
      <Effect Fade="-1" Camera="-1" UI="-1" />
      <CharacterEffect LeftEvent="-1" MiddleEvent="-1" RightEvent="-1" />
      <PieceImage PutPicture="-1" />
    </story>
    <story>
      <Text>“소문이 진짜면 그 안에 미지가 바글거릴 텐데.” </Text>
      <Setting Type="0" Speaker="200" Background="4" BGM="BGM_DailyRoutine" SFX="-1" />
      <Location Left="200_1_201" Middle="400_1_401" Right="100_1_101" />
      <Effect Fade="-1" Camera="-1" UI="-1" />
      <CharacterEffect LeftEvent="-1" MiddleEvent="-1" RightEvent="-1" />
      <PieceImage PutPicture="-1" />
    </story>
    <story>
      <Text>“미지가 모여있는 곳이라며. 거길 왜 들어가려는 거야?”</Text>
      <Setting Type="0" Speaker="500" Background="4" BGM="BGM_DailyRoutine" SFX="-1" />
      <Location Left="-1" Middle="-1" Right="-1" />
      <Effect Fade="-1" Camera="-1" UI="-1" />
      <CharacterEffect LeftEvent="-1" MiddleEvent="-1" RightEvent="-1" />
      <PieceImage PutPicture="-1" />
    </story>
    <story>
      <Text>“폐병원 안에 미지가 모여있으면 우리가 밤에 따로 돌아다닐 필요가 없잖아.” </Text>
      <Setting Type="0" Speaker="200" Background="4" BGM="BGM_DailyRoutine" SFX="-1" />
      <Location Left="-1" Middle="200_1_201" Right="-1" />
      <Effect Fade="-1" Camera="-1" UI="-1" />
      <CharacterEffect LeftEvent="-1" MiddleEvent="-1" RightEvent="-1" />
      <PieceImage PutPicture="-1" />
    </story>
    <story>
      <Text>“매일 밤 미지 찾아다니는 것도 고생이거든요.”</Text>
      <Setting Type="0" Speaker="100" Background="4" BGM="BGM_DailyRoutine" SFX="-1" />
      <Location Left="100_1_111" Middle="200_1_201" Right="-1" />
      <Effect Fade="-1" Camera="-1" UI="-1" />
      <CharacterEffect LeftEvent="-1" MiddleEvent="-1" RightEvent="-1" />
      <PieceImage PutPicture="-1" />
    </story>
    <story>
      <Text>“거기에다 더 많은 미지를 잡으면 더 빨리 미지에서 벗어날 수 있어.” </Text>
      <Setting Type="0" Speaker="200" Background="4" BGM="BGM_DailyRoutine" SFX="-1" />
      <Location Left="100_1_111" Middle="200_1_201" Right="-1" />
      <Effect Fade="-1" Camera="-1" UI="-1" />
      <CharacterEffect LeftEvent="-1" MiddleEvent="-1" RightEvent="-1" />
      <PieceImage PutPicture="-1" />
    </story>
    <story>
      <Text>“그러려면 폐병원 안을 확인해야 한다, 이거네요.”</Text>
      <Setting Type="0" Speaker="500" Background="4" BGM="BGM_DailyRoutine" SFX="-1" />
      <Location Left="100_1_111" Middle="200_1_201" Right="-1" />
      <Effect Fade="-1" Camera="-1" UI="-1" />
      <CharacterEffect LeftEvent="-1" MiddleEvent="-1" RightEvent="-1" />
      <PieceImage PutPicture="-1" />
    </story>
    <story>
      <Text>“후후. 그래. 후배가 나서줘야 하는 거지.”</Text>
      <Setting Type="0" Speaker="300" Background="4" BGM="BGM_DailyRoutine" SFX="-1" />
      <Location Left="100_1_111" Middle="200_1_201" Right="300_1_301" />
      <Effect Fade="-1" Camera="-1" UI="-1" />
      <CharacterEffect LeftEvent="-1" MiddleEvent="-1" RightEvent="-1" />
      <PieceImage PutPicture="-1" />
    </story>
    <story>
      <Text>“그래서? 지금 만들 수 있어?” </Text>
      <Setting Type="0" Speaker="200" Background="4" BGM="BGM_DailyRoutine" SFX="-1" />
      <Location Left="-1" Middle="200_1_201" Right="-1" />
      <Effect Fade="-1" Camera="-1" UI="-1" />
      <CharacterEffect LeftEvent="-1" MiddleEvent="-1" RightEvent="-1" />
      <PieceImage PutPicture="-1" />
    </story>
    <story>
      <Text>“저번에 건네줬던 조각들이 있다면 만들 수 있을 거야.” </Text>
      <Setting Type="0" Speaker="500" Background="4" BGM="BGM_DailyRoutine" SFX="-1" />
      <Location Left="-1" Middle="200_1_201" Right="-1" />
      <Effect Fade="-1" Camera="-1" UI="-1" />
      <CharacterEffect LeftEvent="-1" MiddleEvent="-1" RightEvent="-1" />
      <PieceImage PutPicture="-1" />
    </story>
    <story>
      <Text>“아이씨. 너한테 준 게 다였는데. 더 챙겨둘걸.” </Text>
      <Setting Type="0" Speaker="200" Background="4" BGM="BGM_DailyRoutine" SFX="-1" />
      <Location Left="-1" Middle="200_1_203" Right="-1" />
      <Effect Fade="-1" Camera="-1" UI="-1" />
      <CharacterEffect LeftEvent="-1" MiddleEvent="-1" RightEvent="-1" />
      <PieceImage PutPicture="-1" />
    </story>
    <story>
      <Text>“후후. 괜찮아, 소원아. 지금부터 모아도 늦지 않았어.” </Text>
      <Setting Type="0" Speaker="300" Background="4" BGM="BGM_DailyRoutine" SFX="-1" />
      <Location Left="-1" Middle="300_1_301" Right="-1" />
      <Effect Fade="-1" Camera="-1" UI="-1" />
      <CharacterEffect LeftEvent="-1" MiddleEvent="-1" RightEvent="-1" />
      <PieceImage PutPicture="-1" />
    </story>
    <story>
      <Text>은혜 선배가 칠판에 ‘이번 주의 목표 : 조각’이라고 적어넣었다. </Text>
      <Setting Type="0" Speaker="-1" Background="4" BGM="BGM_DailyRoutine" SFX="-1" />
      <Location Left="-1" Middle="300_1_301" Right="-1" />
      <Effect Fade="-1" Camera="-1" UI="-1" />
      <CharacterEffect LeftEvent="-1" MiddleEvent="-1" RightEvent="-1" />
      <PieceImage PutPicture="1" />
    </story>
    <story>
      <Text>“이번 주 동안 우리는 미지에게서 나오는 조각을 모을게. 후배는 그걸로 열쇠를 만드는 일에 집중해줘.” </Text>
      <Setting Type="0" Speaker="300" Background="4" BGM="BGM_DailyRoutine" SFX="-1" />
      <Location Left="-1" Middle="300_1_301" Right="-1" />
      <Effect Fade="-1" Camera="-1" UI="-1" />
      <CharacterEffect LeftEvent="-1" MiddleEvent="-1" RightEvent="-1" />
      <PieceImage PutPicture="1" />
    </story>
    <story>
      <Text>“네. 해볼게요.” </Text>
      <Setting Type="0" Speaker="500" Background="4" BGM="BGM_DailyRoutine" SFX="-1" />
      <Location Left="-1" Middle="300_1_301" Right="-1" />
      <Effect Fade="-1" Camera="-1" UI="-1" />
      <CharacterEffect LeftEvent="-1" MiddleEvent="-1" RightEvent="-1" />
      <PieceImage PutPicture="1" />
    </story>
    <story>
      <Text>“좋아. 이번 주의 목표는 정해졌네.”</Text>
      <Setting Type="0" Speaker="300" Background="4" BGM="BGM_DailyRoutine" SFX="-1" />
      <Location Left="-1" Middle="300_1_301" Right="-1" />
      <Effect Fade="-1" Camera="-1" UI="-1" />
      <CharacterEffect LeftEvent="-1" MiddleEvent="-1" RightEvent="-1" />
      <PieceImage PutPicture="1" />
    </story>
    <story>
      <Text>“선배는 열쇠 만들기. 저랑 소원 언니, 은혜 언니는 조각을 모아서 선배한테 가져다주는 거네요.” </Text>
      <Setting Type="0" Speaker="100" Background="4" BGM="BGM_DailyRoutine" SFX="-1" />
      <Location Left="-1" Middle="100_1_107" Right="-1" />
      <Effect Fade="-1" Camera="-1" UI="-1" />
      <CharacterEffect LeftEvent="-1" MiddleEvent="-1" RightEvent="-1" />
      <PieceImage PutPicture="1" />
    </story>
    <story>
      <Text>“선생님은? 선생님은 뭐할까?”</Text>
      <Setting Type="0" Speaker="400" Background="4" BGM="BGM_DailyRoutine" SFX="-1" />
      <Location Left="-1" Middle="100_1_107" Right="400_1_401" />
      <Effect Fade="-1" Camera="-1" UI="-1" />
      <CharacterEffect LeftEvent="-1" MiddleEvent="-1" RightEvent="-1" />
      <PieceImage PutPicture="1" />
    </story>
    <story>
      <Text>“도래솔 선생님은…. 평소처럼 모두를 위해 응원해주세요.”</Text>
      <Setting Type="0" Speaker="100" Background="4" BGM="BGM_DailyRoutine" SFX="-1" />
      <Location Left="-1" Middle="100_1_107" Right="400_1_401" />
      <Effect Fade="-1" Camera="-1" UI="-1" />
      <CharacterEffect LeftEvent="-1" MiddleEvent="-1" RightEvent="-1" />
      <PieceImage PutPicture="1" />
    </story>
    <story>
      <Text>“으,응! 힘내자! 파이팅!”</Text>
      <Setting Type="0" Speaker="400" Background="4" BGM="BGM_DailyRoutine" SFX="-1" />
      <Location Left="-1" Middle="100_1_107" Right="400_1_401" />
      <Effect Fade="-1" Camera="-1" UI="-1" />
      <CharacterEffect LeftEvent="-1" MiddleEvent="-1" RightEvent="-1" />
      <PieceImage PutPicture="1" />
    </story>
    <story>
      <Text>…선생님 파이팅. </Text>
      <Setting Type="0" Speaker="-1" Background="4" BGM="BGM_DailyRoutine" SFX="-1" />
      <Location Left="-1" Middle="-1" Right="-1" />
      <Effect Fade="-1" Camera="-1" UI="-1" />
      <CharacterEffect LeftEvent="-1" MiddleEvent="-1" RightEvent="-1" />
      <PieceImage PutPicture="1" />
    </story>
    <story>
      <Text>“그런데 있잖아.” </Text>
      <Setting Type="0" Speaker="200" Background="4" BGM="BGM_DailyRoutine" SFX="-1" />
      <Location Left="-1" Middle="200_1_201" Right="-1" />
      <Effect Fade="-1" Camera="-1" UI="-1" />
      <CharacterEffect LeftEvent="-1" MiddleEvent="-1" RightEvent="-1" />
      <PieceImage PutPicture="1" />
    </story>
    <story>
      <Text>“이러면 네가 밤에 학생회에 올 필요가 있어?”</Text>
      <Setting Type="0" Speaker="200" Background="4" BGM="BGM_DailyRoutine" SFX="-1" />
      <Location Left="-1" Middle="200_1_201" Right="-1" />
      <Effect Fade="-1" Camera="-1" UI="-1" />
      <CharacterEffect LeftEvent="-1" MiddleEvent="-1" RightEvent="-1" />
      <PieceImage PutPicture="1" />
    </story>
    <story>
      <Text>“응?”</Text>
      <Setting Type="0" Speaker="500" Background="4" BGM="BGM_DailyRoutine" SFX="-1" />
      <Location Left="-1" Middle="200_1_201" Right="-1" />
      <Effect Fade="-1" Camera="-1" UI="-1" />
      <CharacterEffect LeftEvent="-1" MiddleEvent="-1" RightEvent="-1" />
      <PieceImage PutPicture="1" />
    </story>
    <story>
      <Text>“우리가 파편을 모아올 테니까, 넌 안전한 곳에서 만들기만 하면 되잖아.”</Text>
      <Setting Type="0" Speaker="200" Background="4" BGM="BGM_DailyRoutine" SFX="-1" />
      <Location Left="-1" Middle="200_1_204" Right="-1" />
      <Effect Fade="-1" Camera="-1" UI="-1" />
      <CharacterEffect LeftEvent="-1" MiddleEvent="-1" RightEvent="-1" />
      <PieceImage PutPicture="1" />
    </story>
    <story>
      <Text>“네 등불이 전투에 도움이 되는 건 아니니까. 밤에는 안전한 곳에 있는 편이 낫잖아?”</Text>
      <Setting Type="0" Speaker="200" Background="4" BGM="BGM_DailyRoutine" SFX="-1" />
      <Location Left="-1" Middle="200_1_204" Right="-1" />
      <Effect Fade="-1" Camera="-1" UI="-1" />
      <CharacterEffect LeftEvent="-1" MiddleEvent="-1" RightEvent="-1" />
      <PieceImage PutPicture="1" />
    </story>
    <story>
      <Text>한소원의 말에 은혜 선배가 고개를 저었다. </Text>
      <Setting Type="0" Speaker="-1" Background="4" BGM="BGM_DailyRoutine" SFX="-1" />
      <Location Left="-1" Middle="300_1_301" Right="-1" />
      <Effect Fade="-1" Camera="-1" UI="-1" />
      <CharacterEffect LeftEvent="-1" MiddleEvent="-1" RightEvent="-1" />
      <PieceImage PutPicture="1" />
    </story>
    <story>
      <Text>“우리가 미지와 싸우는 이유는 미지에게서 벗어나기 위해서잖아?” </Text>
      <Setting Type="0" Speaker="300" Background="4" BGM="BGM_DailyRoutine" SFX="-1" />
      <Location Left="-1" Middle="300_1_301" Right="-1" />
      <Effect Fade="-1" Camera="-1" UI="-1" />
      <CharacterEffect LeftEvent="-1" MiddleEvent="-1" RightEvent="-1" />
      <PieceImage PutPicture="1" />
    </story>
    <story>
      <Text>“미지를 쓰러뜨려야 미지에서 벗어날 수 있어. 만약 후배가 안전한 곳에서 등불만 사용한다고 생각해 봐.”</Text>
      <Setting Type="0" Speaker="300" Background="4" BGM="BGM_DailyRoutine" SFX="-1" />
      <Location Left="-1" Middle="300_1_301" Right="-1" />
      <Effect Fade="-1" Camera="-1" UI="-1" />
      <CharacterEffect LeftEvent="-1" MiddleEvent="-1" RightEvent="-1" />
      <PieceImage PutPicture="1" />
    </story>
    <story>
      <Text>“아, 그럼 미지와 싸우는 게 아니겠네요.”</Text>
      <Setting Type="0" Speaker="500" Background="4" BGM="BGM_DailyRoutine" SFX="-1" />
      <Location Left="-1" Middle="300_1_301" Right="-1" />
      <Effect Fade="-1" Camera="-1" UI="-1" />
      <CharacterEffect LeftEvent="-1" MiddleEvent="-1" RightEvent="-1" />
      <PieceImage PutPicture="1" />
    </story>
    <story>
      <Text>“그랬지. 중요한 게 빠졌었구나….”</Text>
      <Setting Type="0" Speaker="300" Background="4" BGM="BGM_DailyRoutine" SFX="-1" />
      <Location Left="-1" Middle="300_1_301" Right="-1" />
      <Effect Fade="-1" Camera="-1" UI="-1" />
      <CharacterEffect LeftEvent="-1" MiddleEvent="-1" RightEvent="-1" />
      <PieceImage PutPicture="1" />
    </story>
    <story>
      <Text>“그러면 어떡해요?”</Text>
      <Setting Type="0" Speaker="500" Background="4" BGM="BGM_DailyRoutine" SFX="-1" />
      <Location Left="-1" Middle="300_1_301" Right="-1" />
      <Effect Fade="-1" Camera="-1" UI="-1" />
      <CharacterEffect LeftEvent="-1" MiddleEvent="-1" RightEvent="-1" />
      <PieceImage PutPicture="1" />
    </story>
    <story>
      <Text>“일단은 후배와 함께 나가는 것까지만 시도해보자.” </Text>
      <Setting Type="0" Speaker="300" Background="4" BGM="BGM_DailyRoutine" SFX="-1" />
      <Location Left="-1" Middle="300_1_301" Right="-1" />
      <Effect Fade="-1" Camera="-1" UI="-1" />
      <CharacterEffect LeftEvent="-1" MiddleEvent="-1" RightEvent="-1" />
      <PieceImage PutPicture="1" />
    </story>
    <story>
      <Text>“그리고 미지와 싸움이 시작되면 후배는 멀리서 우릴 도와주는 거야. 후배가 위험하면 우리가 지켜주고.” </Text>
      <Setting Type="0" Speaker="300" Background="4" BGM="BGM_DailyRoutine" SFX="-1" />
      <Location Left="-1" Middle="300_1_301" Right="-1" />
      <Effect Fade="-1" Camera="-1" UI="-1" />
      <CharacterEffect LeftEvent="-1" MiddleEvent="-1" RightEvent="-1" />
      <PieceImage PutPicture="1" />
    </story>
    <story>
      <Text>“우선 이걸로도 미지를 쓰러뜨린 효과가 나오는지 확인하자. 며칠 경과를 보고 변화가 없으면 다음 방법을 생각해야지.” </Text>
      <Setting Type="0" Speaker="300" Background="4" BGM="BGM_DailyRoutine" SFX="-1" />
      <Location Left="-1" Middle="300_1_301" Right="-1" />
      <Effect Fade="-1" Camera="-1" UI="-1" />
      <CharacterEffect LeftEvent="-1" MiddleEvent="-1" RightEvent="-1" />
      <PieceImage PutPicture="1" />
    </story>
    <story>
      <Text>“후배는 괜찮겠어? 여차하면 못 지켜줄 수도 있어서 위험해질지도 몰라.”</Text>
      <Setting Type="0" Speaker="300" Background="4" BGM="BGM_DailyRoutine" SFX="-1" />
      <Location Left="-1" Middle="300_1_301" Right="-1" />
      <Effect Fade="-1" Camera="-1" UI="-1" />
      <CharacterEffect LeftEvent="-1" MiddleEvent="-1" RightEvent="-1" />
      <PieceImage PutPicture="1" />
    </story>
    <story>
      <Text>“괜찮아요. 다들 지켜준다고도 말했고, 정 위험하면 도망가면 돼요.” </Text>
      <Setting Type="0" Speaker="500" Background="4" BGM="BGM_DailyRoutine" SFX="-1" />
      <Location Left="-1" Middle="300_1_301" Right="-1" />
      <Effect Fade="-1" Camera="-1" UI="-1" />
      <CharacterEffect LeftEvent="-1" MiddleEvent="-1" RightEvent="-1" />
      <PieceImage PutPicture="1" />
    </story>
    <story>
      <Text>조금 무섭지만 직접 싸우는 것도 아니니 어렵지는 않겠지.</Text>
      <Setting Type="0" Speaker="-1" Background="4" BGM="BGM_DailyRoutine" SFX="-1" />
      <Location Left="-1" Middle="-1" Right="-1" />
      <Effect Fade="-1" Camera="-1" UI="-1" />
      <CharacterEffect LeftEvent="-1" MiddleEvent="-1" RightEvent="-1" />
      <PieceImage PutPicture="1" />
    </story>
    <story>
      <Text>“후후. 듬직하네.” </Text>
      <Setting Type="0" Speaker="300" Background="4" BGM="BGM_DailyRoutine" SFX="-1" />
      <Location Left="-1" Middle="300_1_301" Right="-1" />
      <Effect Fade="-1" Camera="-1" UI="-1" />
      <CharacterEffect LeftEvent="-1" MiddleEvent="-1" RightEvent="-1" />
      <PieceImage PutPicture="1" />
    </story>
    <story>
      <Text>“좋아. 그러면 후배를 어떻게 할지도 정했으니까.” </Text>
      <Setting Type="0" Speaker="300" Background="4" BGM="BGM_DailyRoutine" SFX="-1" />
      <Location Left="-1" Middle="300_1_301" Right="-1" />
      <Effect Fade="-1" Camera="-1" UI="-1" />
      <CharacterEffect LeftEvent="-1" MiddleEvent="-1" RightEvent="-1" />
      <PieceImage PutPicture="1" />
    </story>
    <story>
      <Text>“이번 주 일정을 정리하면 이렇게 되겠네.”</Text>
      <Setting Type="0" Speaker="300" Background="4" BGM="BGM_DailyRoutine" SFX="-1" />
      <Location Left="-1" Middle="300_1_301" Right="-1" />
      <Effect Fade="-1" Camera="-1" UI="-1" />
      <CharacterEffect LeftEvent="-1" MiddleEvent="-1" RightEvent="-1" />
      <PieceImage PutPicture="1" />
    </story>
  </u_story_1>
</Dialogue_1>