﻿<?xml version="1.0" encoding="utf-8" standalone="yes"?>
<SaveInfo>
  <Slot>
    <SaveTime>2022-02-06 21:16:52</SaveTime>
    <PlayTime>00:00:00</PlayTime>
    <CSVReadLine>0</CSVReadLine>
    <Chapter>Test 챕터</Chapter>
    <Gold>0</Gold>
    <CaptureName>Save4.png</CaptureName>
    <IsCommunication>True</IsCommunication>
  </Slot>
  <Status>
    <Level>1</Level>
    <EXE>0</EXE>
    <Power>5</Power>
    <Dex>5</Dex>
    <Health>5</Health>
    <Patience>5</Patience>
    <SP>5</SP>
  </Status>
  <WearingEquipment>
    <Weapon>
    </Weapon>
    <Ring>
    </Ring>
    <Necklace>
    </Necklace>
    <Wristband>
    </Wristband>
    <Amulet>
    </Amulet>
  </WearingEquipment>
  <Skill>
    <SP>0</SP>
    <Skill ID="0-0" SP="0" />
    <Skill ID="0-1" SP="0" />
    <Skill ID="0-2" SP="0" />
    <Skill ID="0-3" SP="0" />
    <Skill ID="0-4" SP="0" />
    <Skill ID="0-5" SP="0" />
    <Skill ID="0-6" SP="0" />
    <Skill ID="0-7" SP="0" />
    <Skill ID="0-8" SP="0" />
    <Skill ID="0-9" SP="0" />
    <Skill ID="0-10" SP="0" />
    <Skill ID="0-11" SP="0" />
    <Skill ID="1-0" SP="0" />
    <Skill ID="1-1" SP="0" />
    <Skill ID="1-2" SP="0" />
    <Skill ID="1-3" SP="0" />
    <Skill ID="1-4" SP="0" />
    <Skill ID="1-5" SP="0" />
    <Skill ID="1-6" SP="0" />
    <Skill ID="1-7" SP="0" />
    <Skill ID="1-8" SP="0" />
    <Skill ID="1-9" SP="0" />
    <Skill ID="1-10" SP="0" />
    <Skill ID="1-11" SP="0" />
    <Skill ID="2-0" SP="0" />
    <Skill ID="2-1" SP="0" />
    <Skill ID="2-2" SP="0" />
    <Skill ID="2-3" SP="0" />
    <Skill ID="2-4" SP="0" />
    <Skill ID="2-5" SP="0" />
    <Skill ID="2-6" SP="0" />
    <Skill ID="2-7" SP="0" />
    <Skill ID="2-8" SP="0" />
    <Skill ID="2-9" SP="0" />
    <Skill ID="2-10" SP="0" />
    <Skill ID="2-11" SP="0" />
  </Skill>
  <Inventory>
    <Item ID="10001" Count="1" />
    <Item ID="10002" Count="1" />
  </Inventory>
</SaveInfo>